,confidence,price
1999-12-31,0.2,1469.25
2000-01-03,0.216,1455.219970703125
2000-01-04,0.216,1399.4200439453125
2000-01-05,0.192,1402.1099853515625
2000-01-06,0.216,1403.449951171875
2000-01-07,0.232,1441.469970703125
2000-01-10,0.192,1457.5999755859375
2000-01-11,0.192,1438.56005859375
2000-01-12,0.176,1432.25
2000-01-13,0.192,1449.6800537109375
2000-01-14,0.144,1465.1500244140625
2000-01-18,0.128,1455.1400146484375
2000-01-19,0.136,1455.9000244140625
2000-01-20,0.112,1445.5699462890625
2000-01-21,0.104,1441.3599853515625
2000-01-24,0.072,1401.530029296875
2000-01-25,0.048,1410.030029296875
2000-01-26,0.04,1404.0899658203125
2000-01-27,0.08,1398.56005859375
2000-01-28,0.072,1360.1600341796875
2000-01-31,0.112,1394.4599609375
2000-02-01,0.112,1409.280029296875
2000-02-02,0.12,1409.1199951171875
2000-02-03,0.152,1424.969970703125
2000-02-04,0.168,1424.3699951171875
2000-02-07,0.16,1424.239990234375
2000-02-08,0.2,1441.719970703125
2000-02-09,0.2,1411.7099609375
2000-02-10,0.176,1416.8299560546875
2000-02-11,0.192,1387.1199951171875
2000-02-14,0.216,1389.93994140625
2000-02-15,0.184,1402.050048828125
2000-02-16,0.192,1387.6700439453125
2000-02-17,0.216,1388.260009765625
2000-02-18,0.152,1346.0899658203125
2000-02-22,0.144,1352.1700439453125
2000-02-23,0.168,1360.68994140625
2000-02-24,0.176,1353.4300537109375
2000-02-25,0.168,1333.3599853515625
2000-02-28,0.208,1348.050048828125
2000-02-29,0.192,1366.4200439453125
2000-03-01,0.208,1379.18994140625
2000-03-02,0.152,1381.760009765625
2000-03-03,0.2,1409.1700439453125
2000-03-06,0.2,1391.280029296875
2000-03-07,0.136,1355.6199951171875
2000-03-08,0.104,1366.699951171875
2000-03-09,0.096,1401.68994140625
2000-03-10,0.12,1395.0699462890625
2000-03-13,0.12,1383.6199951171875
2000-03-14,0.08,1359.1500244140625
2000-03-15,0.088,1392.1400146484375
2000-03-16,0.096,1458.469970703125
2000-03-17,0.08,1464.469970703125
2000-03-20,0.08,1456.6300048828125
2000-03-21,0.128,1493.8699951171875
2000-03-22,0.104,1500.6400146484375
2000-03-23,0.12,1527.3499755859375
2000-03-24,0.128,1527.4599609375
2000-03-27,0.12,1523.8599853515625
2000-03-28,0.192,1507.72998046875
2000-03-29,0.192,1508.52001953125
2000-03-30,0.232,1487.9200439453125
2000-03-31,0.224,1498.5799560546875
2000-04-03,0.208,1505.969970703125
2000-04-04,0.168,1494.72998046875
2000-04-05,0.208,1487.3699951171875
2000-04-06,0.208,1501.3399658203125
2000-04-07,0.208,1516.3499755859375
2000-04-10,0.184,1504.4599609375
2000-04-11,0.144,1500.5899658203125
2000-04-12,0.176,1467.1700439453125
2000-04-13,0.144,1440.510009765625
2000-04-14,0.136,1356.56005859375
2000-04-17,0.128,1401.43994140625
2000-04-18,0.152,1441.6099853515625
2000-04-19,0.16,1427.469970703125
2000-04-20,0.168,1434.5400390625
2000-04-24,0.192,1429.8599853515625
2000-04-25,0.192,1477.43994140625
2000-04-26,0.192,1460.989990234375
2000-04-27,0.216,1464.9200439453125
2000-04-28,0.176,1452.4300537109375
2000-05-01,0.2,1468.25
2000-05-02,0.224,1446.2900390625
2000-05-03,0.224,1415.0999755859375
2000-05-04,0.232,1409.5699462890625
2000-05-05,0.176,1432.6300048828125
2000-05-08,0.144,1424.1700439453125
2000-05-09,0.184,1412.1400146484375
2000-05-10,0.144,1383.050048828125
2000-05-11,0.128,1407.81005859375
2000-05-12,0.152,1420.9599609375
2000-05-15,0.144,1452.3599853515625
2000-05-16,0.112,1466.0400390625
2000-05-17,0.072,1447.800048828125
2000-05-18,0.096,1437.2099609375
2000-05-19,0.088,1406.949951171875
2000-05-22,0.144,1400.719970703125
2000-05-23,0.128,1373.8599853515625
2000-05-24,0.128,1399.050048828125
2000-05-25,0.208,1381.52001953125
2000-05-26,0.28,1378.02001953125
2000-05-30,0.208,1422.449951171875
2000-05-31,0.208,1420.5999755859375
2000-06-01,0.264,1448.81005859375
2000-06-02,0.232,1477.260009765625
2000-06-05,0.232,1467.6300048828125
2000-06-06,0.248,1457.8399658203125
2000-06-07,0.28,1471.3599853515625
2000-06-08,0.232,1461.6700439453125
2000-06-09,0.256,1456.949951171875
2000-06-12,0.304,1446.0
2000-06-13,0.312,1469.43994140625
2000-06-14,0.2,1470.5400390625
2000-06-15,0.216,1478.72998046875
2000-06-16,0.288,1464.4599609375
2000-06-19,0.272,1486.0
2000-06-20,0.256,1475.949951171875
2000-06-21,0.232,1479.1300048828125
2000-06-22,0.208,1452.1800537109375
2000-06-23,0.216,1441.47998046875
2000-06-26,0.16,1455.31005859375
2000-06-27,0.16,1450.550048828125
2000-06-28,0.144,1454.8199462890625
2000-06-29,0.12,1442.3900146484375
2000-06-30,0.136,1454.5999755859375
2000-07-03,0.128,1469.5400390625
2000-07-05,0.136,1446.22998046875
2000-07-06,0.168,1456.6700439453125
2000-07-07,0.184,1478.9000244140625
2000-07-10,0.128,1475.6199951171875
2000-07-11,0.12,1480.8800048828125
2000-07-12,0.168,1492.9200439453125
2000-07-13,0.192,1495.8399658203125
2000-07-14,0.192,1509.97998046875
2000-07-17,0.184,1510.489990234375
2000-07-18,0.168,1493.739990234375
2000-07-19,0.128,1481.9599609375
2000-07-20,0.184,1495.5699462890625
2000-07-21,0.216,1480.18994140625
2000-07-24,0.224,1464.2900390625
2000-07-25,0.184,1474.469970703125
2000-07-26,0.192,1452.4200439453125
2000-07-27,0.152,1449.6199951171875
2000-07-28,0.112,1419.8900146484375
2000-07-31,0.12,1430.8299560546875
2000-08-01,0.112,1438.0999755859375
2000-08-02,0.2,1438.699951171875
2000-08-03,0.24,1452.56005859375
2000-08-04,0.264,1462.9300537109375
2000-08-07,0.224,1479.3199462890625
2000-08-08,0.216,1482.800048828125
2000-08-09,0.192,1472.8699951171875
2000-08-10,0.16,1460.25
2000-08-11,0.152,1471.8399658203125
2000-08-14,0.08,1491.56005859375
2000-08-15,0.088,1484.4300537109375
2000-08-16,0.024,1479.8499755859375
2000-08-17,0.04,1496.0699462890625
2000-08-18,0.064,1491.719970703125
2000-08-21,0.048,1499.47998046875
2000-08-22,0.032,1498.1300048828125
2000-08-23,0.064,1505.969970703125
2000-08-24,0.048,1508.31005859375
2000-08-25,0.08,1506.449951171875
2000-08-28,0.04,1514.0899658203125
2000-08-29,0.048,1509.8399658203125
2000-08-30,0.064,1502.5899658203125
2000-08-31,0.08,1517.6800537109375
2000-09-01,0.096,1520.77001953125
2000-09-05,0.112,1507.0799560546875
2000-09-06,0.136,1492.25
2000-09-07,0.176,1502.510009765625
2000-09-08,0.144,1494.5
2000-09-11,0.136,1489.260009765625
2000-09-12,0.168,1481.989990234375
2000-09-13,0.168,1484.9100341796875
2000-09-14,0.176,1480.8699951171875
2000-09-15,0.152,1465.81005859375
2000-09-18,0.144,1444.510009765625
2000-09-19,0.184,1459.9000244140625
2000-09-20,0.16,1451.3399658203125
2000-09-21,0.152,1449.050048828125
2000-09-22,0.168,1448.719970703125
2000-09-25,0.2,1439.030029296875
2000-09-26,0.208,1427.2099609375
2000-09-27,0.2,1426.5699462890625
2000-09-28,0.24,1458.2900390625
2000-09-29,0.184,1436.510009765625
2000-10-02,0.144,1436.22998046875
2000-10-03,0.136,1426.4599609375
2000-10-04,0.136,1434.3199462890625
2000-10-05,0.168,1436.280029296875
2000-10-06,0.2,1408.989990234375
2000-10-09,0.128,1402.030029296875
2000-10-10,0.16,1387.02001953125
2000-10-11,0.168,1364.5899658203125
2000-10-12,0.104,1329.780029296875
2000-10-13,0.048,1374.1700439453125
2000-10-16,0.048,1374.6199951171875
2000-10-17,0.016,1349.969970703125
2000-10-18,0.024,1342.1300048828125
2000-10-19,0.016,1388.760009765625
2000-10-20,0.04,1396.9300537109375
2000-10-23,0.024,1395.780029296875
2000-10-24,0.008,1398.1300048828125
2000-10-25,-0.008,1364.9000244140625
2000-10-26,0.008,1364.43994140625
2000-10-27,0.024,1379.5799560546875
2000-10-30,0.016,1398.6600341796875
2000-10-31,-0.008,1429.4000244140625
2000-11-01,0.008,1421.219970703125
2000-11-02,0.0,1428.3199462890625
2000-11-03,0.0,1426.68994140625
2000-11-06,-0.008,1432.18994140625
2000-11-07,0.0,1431.8699951171875
2000-11-08,0.008,1409.280029296875
2000-11-09,0.0,1400.1400146484375
2000-11-10,0.0,1365.97998046875
2000-11-13,0.008,1351.260009765625
2000-11-14,0.008,1382.949951171875
2000-11-15,0.008,1389.81005859375
2000-11-16,0.008,1372.3199462890625
2000-11-17,0.0,1367.719970703125
2000-11-20,0.024,1342.6199951171875
2000-11-21,0.016,1347.3499755859375
2000-11-22,0.008,1322.3599853515625
2000-11-24,0.016,1341.77001953125
2000-11-27,0.0,1348.969970703125
2000-11-28,0.024,1336.0899658203125
2000-11-29,0.032,1341.9300537109375
2000-11-30,-0.032,1314.949951171875
2000-12-01,0.016,1315.22998046875
2000-12-04,0.024,1324.969970703125
2000-12-05,0.0,1376.5400390625
2000-12-06,0.008,1351.4599609375
2000-12-07,0.0,1343.550048828125
2000-12-08,0.016,1369.8900146484375
2000-12-11,0.04,1380.199951171875
2000-12-12,0.032,1371.1800537109375
2000-12-13,0.008,1359.989990234375
2000-12-14,-0.024,1340.9300537109375
2000-12-15,0.008,1312.1500244140625
2000-12-18,0.008,1322.739990234375
2000-12-19,0.032,1305.5999755859375
2000-12-20,0.016,1264.739990234375
2000-12-21,0.0,1274.8599853515625
2000-12-22,0.008,1305.949951171875
2000-12-26,0.024,1315.18994140625
2000-12-27,-0.008,1328.9200439453125
2000-12-28,0.024,1334.219970703125
2000-12-29,0.0,1320.280029296875
2001-01-02,0.016,1283.27001953125
2001-01-03,0.008,1347.56005859375
2001-01-04,0.0,1333.3399658203125
2001-01-05,-0.016,1298.3499755859375
2001-01-08,-0.008,1295.8599853515625
2001-01-09,-0.016,1300.800048828125
2001-01-10,0.0,1313.27001953125
2001-01-11,-0.032,1326.8199462890625
2001-01-12,-0.016,1318.550048828125
2001-01-16,-0.024,1326.6500244140625
2001-01-17,-0.024,1329.469970703125
2001-01-18,-0.032,1347.969970703125
2001-01-19,-0.016,1342.5400390625
2001-01-22,0.008,1342.9000244140625
2001-01-23,-0.008,1360.4000244140625
2001-01-24,-0.008,1364.300048828125
2001-01-25,0.008,1357.510009765625
2001-01-26,0.024,1354.949951171875
2001-01-29,0.048,1364.1700439453125
2001-01-30,-0.016,1373.72998046875
2001-01-31,0.048,1366.010009765625
2001-02-01,0.024,1373.469970703125
2001-02-02,0.016,1349.469970703125
2001-02-05,0.016,1354.31005859375
2001-02-06,0.024,1352.260009765625
2001-02-07,0.048,1340.8900146484375
2001-02-08,0.072,1332.530029296875
2001-02-09,0.056,1314.760009765625
2001-02-12,0.072,1330.31005859375
2001-02-13,0.048,1318.800048828125
2001-02-14,0.104,1315.9200439453125
2001-02-15,0.056,1326.6099853515625
2001-02-16,0.072,1301.530029296875
2001-02-20,0.08,1278.93994140625
2001-02-21,0.056,1255.27001953125
2001-02-22,0.104,1252.8199462890625
2001-02-23,0.08,1245.8599853515625
2001-02-26,0.112,1267.6500244140625
2001-02-27,0.136,1257.93994140625
2001-02-28,0.072,1239.93994140625
2001-03-01,0.048,1241.22998046875
2001-03-02,0.096,1234.1800537109375
2001-03-05,0.096,1241.4100341796875
2001-03-06,0.04,1253.800048828125
2001-03-07,0.056,1261.8900146484375
2001-03-08,0.024,1264.739990234375
2001-03-09,0.048,1233.4200439453125
2001-03-12,0.048,1180.1600341796875
2001-03-13,0.016,1197.6600341796875
2001-03-14,0.04,1166.7099609375
2001-03-15,0.04,1173.56005859375
2001-03-16,-0.016,1150.530029296875
2001-03-19,-0.016,1170.81005859375
2001-03-20,0.0,1142.6199951171875
2001-03-21,-0.024,1122.1400146484375
2001-03-22,0.0,1117.5799560546875
2001-03-23,0.008,1139.8299560546875
2001-03-26,-0.032,1152.68994140625
2001-03-27,0.024,1182.1700439453125
2001-03-28,-0.024,1153.2900390625
2001-03-29,0.016,1147.949951171875
2001-03-30,0.008,1160.3299560546875
2001-04-02,-0.016,1145.8699951171875
2001-04-03,0.008,1106.4599609375
2001-04-04,-0.024,1103.25
2001-04-05,-0.016,1151.43994140625
2001-04-06,-0.024,1128.4300537109375
2001-04-09,-0.008,1137.5899658203125
2001-04-10,-0.064,1168.3800048828125
2001-04-11,-0.024,1165.8900146484375
2001-04-12,-0.048,1183.5
2001-04-16,-0.064,1179.6800537109375
2001-04-17,-0.024,1191.81005859375
2001-04-18,-0.024,1238.1600341796875
2001-04-19,-0.016,1253.68994140625
2001-04-20,-0.016,1242.97998046875
2001-04-23,0.0,1224.3599853515625
2001-04-24,-0.056,1209.469970703125
2001-04-25,-0.04,1228.75
2001-04-26,-0.08,1234.52001953125
2001-04-27,-0.064,1253.050048828125
2001-04-30,-0.04,1249.4599609375
2001-05-01,-0.064,1266.43994140625
2001-05-02,0.0,1267.4300537109375
2001-05-03,-0.064,1248.5799560546875
2001-05-04,-0.04,1266.6099853515625
2001-05-07,-0.088,1263.510009765625
2001-05-08,-0.112,1261.199951171875
2001-05-09,-0.104,1255.5400390625
2001-05-10,-0.032,1255.1800537109375
2001-05-11,-0.032,1245.6700439453125
2001-05-14,-0.04,1248.9200439453125
2001-05-15,-0.04,1249.43994140625
2001-05-16,-0.024,1284.989990234375
2001-05-17,-0.048,1288.489990234375
2001-05-18,0.016,1291.9599609375
2001-05-21,-0.024,1312.8299560546875
2001-05-22,0.016,1309.3800048828125
2001-05-23,0.008,1289.050048828125
2001-05-24,0.0,1293.1700439453125
2001-05-25,0.016,1277.8900146484375
2001-05-29,0.0,1267.9300537109375
2001-05-30,-0.008,1248.0799560546875
2001-05-31,0.008,1255.8199462890625
2001-06-01,0.008,1260.6700439453125
2001-06-04,0.016,1267.1099853515625
2001-06-05,0.008,1283.5699462890625
2001-06-06,0.0,1270.030029296875
2001-06-07,0.008,1276.9599609375
2001-06-08,-0.024,1264.9599609375
2001-06-11,-0.024,1254.3900146484375
2001-06-12,-0.024,1255.8499755859375
2001-06-13,0.0,1241.5999755859375
2001-06-14,0.0,1219.8699951171875
2001-06-15,-0.008,1214.3599853515625
2001-06-18,0.032,1208.4300537109375
2001-06-19,0.016,1212.5799560546875
2001-06-20,-0.024,1223.1400146484375
2001-06-21,-0.016,1237.0400390625
2001-06-22,-0.008,1225.3499755859375
2001-06-25,0.008,1218.5999755859375
2001-06-26,-0.008,1216.760009765625
2001-06-27,0.008,1211.0699462890625
2001-06-28,0.0,1226.199951171875
2001-06-29,0.024,1224.3800048828125
2001-07-02,-0.008,1236.719970703125
2001-07-03,0.024,1234.449951171875
2001-07-05,-0.016,1219.239990234375
2001-07-06,0.024,1190.5899658203125
2001-07-09,0.008,1198.780029296875
2001-07-10,0.0,1181.52001953125
2001-07-11,-0.032,1180.1800537109375
2001-07-12,-0.008,1208.1400146484375
2001-07-13,-0.024,1215.6800537109375
2001-07-16,-0.016,1202.449951171875
2001-07-17,-0.088,1214.43994140625
2001-07-18,-0.04,1207.7099609375
2001-07-19,-0.04,1215.02001953125
2001-07-20,-0.04,1210.8499755859375
2001-07-23,0.0,1191.030029296875
2001-07-24,-0.008,1171.6500244140625
2001-07-25,0.0,1190.489990234375
2001-07-26,-0.008,1202.9300537109375
2001-07-27,-0.048,1205.8199462890625
2001-07-30,-0.024,1204.52001953125
2001-07-31,-0.072,1211.22998046875
2001-08-01,-0.064,1215.9300537109375
2001-08-02,-0.056,1220.75
2001-08-03,-0.008,1214.3499755859375
2001-08-06,-0.04,1200.47998046875
2001-08-07,-0.016,1204.4000244140625
2001-08-08,-0.032,1183.530029296875
2001-08-09,-0.04,1183.4300537109375
2001-08-10,-0.056,1190.1600341796875
2001-08-13,-0.104,1191.2900390625
2001-08-14,-0.048,1186.72998046875
2001-08-15,-0.056,1178.02001953125
2001-08-16,-0.08,1181.6600341796875
2001-08-17,-0.032,1161.969970703125
2001-08-20,-0.128,1171.4100341796875
2001-08-21,-0.072,1157.260009765625
2001-08-22,-0.048,1165.31005859375
2001-08-23,-0.016,1162.0899658203125
2001-08-24,-0.104,1184.9300537109375
2001-08-27,-0.096,1179.2099609375
2001-08-28,-0.096,1161.510009765625
2001-08-29,-0.064,1148.56005859375
2001-08-30,0.0,1129.030029296875
2001-08-31,-0.08,1133.5799560546875
2001-09-04,-0.08,1132.93994140625
2001-09-05,-0.016,1131.739990234375
2001-09-06,-0.032,1106.4000244140625
2001-09-07,-0.048,1085.780029296875
2001-09-10,-0.064,1092.5400390625
2001-09-17,-0.088,1038.77001953125
2001-09-18,-0.08,1032.739990234375
2001-09-19,-0.056,1016.0999755859376
2001-09-20,-0.072,984.5399780273438
2001-09-21,-0.144,965.7999877929688
2001-09-24,-0.168,1003.4500122070312
2001-09-25,-0.144,1012.27001953125
2001-09-26,-0.176,1007.0399780273438
2001-09-27,-0.104,1018.6099853515624
2001-09-28,-0.136,1040.93994140625
2001-10-01,-0.136,1038.550048828125
2001-10-02,-0.096,1051.3299560546875
2001-10-03,-0.064,1072.280029296875
2001-10-04,-0.032,1069.6300048828125
2001-10-05,-0.056,1071.3800048828125
2001-10-08,-0.048,1062.43994140625
2001-10-09,-0.056,1056.75
2001-10-10,-0.064,1080.989990234375
2001-10-11,-0.072,1097.4300537109375
2001-10-12,-0.08,1091.6500244140625
2001-10-15,-0.088,1089.97998046875
2001-10-16,-0.088,1097.5400390625
2001-10-17,-0.072,1077.0899658203125
2001-10-18,-0.088,1068.6099853515625
2001-10-19,-0.096,1073.47998046875
2001-10-22,-0.112,1089.9000244140625
2001-10-23,-0.056,1084.780029296875
2001-10-24,-0.096,1085.199951171875
2001-10-25,-0.12,1100.0899658203125
2001-10-26,-0.112,1104.6099853515625
2001-10-29,-0.152,1078.300048828125
2001-10-30,-0.12,1059.7900390625
2001-10-31,-0.112,1059.780029296875
2001-11-01,-0.096,1084.0999755859375
2001-11-02,-0.112,1087.199951171875
2001-11-05,-0.144,1102.8399658203125
2001-11-06,-0.152,1118.8599853515625
2001-11-07,-0.152,1115.800048828125
2001-11-08,-0.16,1118.5400390625
2001-11-09,-0.144,1120.31005859375
2001-11-12,-0.144,1118.3299560546875
2001-11-13,-0.136,1139.0899658203125
2001-11-14,-0.144,1141.2099609375
2001-11-15,-0.128,1142.239990234375
2001-11-16,-0.128,1138.6500244140625
2001-11-19,-0.152,1151.06005859375
2001-11-20,-0.168,1142.6600341796875
2001-11-21,-0.128,1137.030029296875
2001-11-23,-0.112,1150.3399658203125
2001-11-26,-0.12,1157.4200439453125
2001-11-27,-0.152,1149.5
2001-11-28,-0.176,1128.52001953125
2001-11-29,-0.136,1140.199951171875
2001-11-30,-0.104,1139.449951171875
2001-12-03,-0.152,1129.9000244140625
2001-12-04,-0.136,1144.800048828125
2001-12-05,-0.144,1170.3499755859375
2001-12-06,-0.144,1167.0999755859375
2001-12-07,-0.16,1158.31005859375
2001-12-10,-0.136,1139.9300537109375
2001-12-11,-0.144,1136.760009765625
2001-12-12,-0.152,1137.0699462890625
2001-12-13,-0.12,1119.3800048828125
2001-12-14,-0.136,1123.0899658203125
2001-12-17,-0.176,1134.3599853515625
2001-12-18,-0.2,1142.9200439453125
2001-12-19,-0.176,1149.56005859375
2001-12-20,-0.192,1139.9300537109375
2001-12-21,-0.16,1144.8900146484375
2001-12-24,-0.192,1144.6500244140625
2001-12-26,-0.2,1149.3699951171875
2001-12-27,-0.184,1157.1300048828125
2001-12-28,-0.176,1161.02001953125
2001-12-31,-0.168,1148.0799560546875
2002-01-02,-0.168,1154.6700439453125
2002-01-03,-0.168,1165.27001953125
2002-01-04,-0.112,1172.510009765625
2002-01-07,-0.096,1164.8900146484375
2002-01-08,-0.072,1160.7099609375
2002-01-09,-0.056,1155.1400146484375
2002-01-10,-0.04,1156.550048828125
2002-01-11,-0.016,1145.5999755859375
2002-01-14,-0.024,1138.4100341796875
2002-01-15,-0.04,1146.18994140625
2002-01-16,-0.048,1127.5699462890625
2002-01-17,-0.04,1138.8800048828125
2002-01-18,-0.04,1127.5799560546875
2002-01-22,-0.032,1119.31005859375
2002-01-23,-0.016,1128.1800537109375
2002-01-24,0.008,1132.1500244140625
2002-01-25,-0.024,1133.280029296875
2002-01-28,-0.024,1133.06005859375
2002-01-29,-0.04,1100.6400146484375
2002-01-30,-0.04,1113.5699462890625
2002-01-31,-0.056,1130.199951171875
2002-02-01,-0.056,1122.199951171875
2002-02-04,-0.064,1094.43994140625
2002-02-05,-0.088,1090.02001953125
2002-02-06,-0.048,1083.510009765625
2002-02-07,-0.088,1080.1700439453125
2002-02-08,-0.08,1096.219970703125
2002-02-11,-0.08,1111.93994140625
2002-02-12,-0.08,1107.5
2002-02-13,-0.08,1118.510009765625
2002-02-14,-0.104,1116.47998046875
2002-02-15,-0.16,1104.1800537109375
2002-02-19,-0.12,1083.3399658203125
2002-02-20,-0.128,1097.97998046875
2002-02-21,-0.104,1080.949951171875
2002-02-22,-0.08,1089.8399658203125
2002-02-25,-0.08,1109.4300537109375
2002-02-26,-0.104,1109.3800048828125
2002-02-27,-0.104,1109.8900146484375
2002-02-28,-0.112,1106.72998046875
2002-03-01,-0.12,1131.780029296875
2002-03-04,-0.12,1153.8399658203125
2002-03-05,-0.12,1146.1400146484375
2002-03-06,-0.112,1162.77001953125
2002-03-07,-0.096,1157.5400390625
2002-03-08,-0.112,1164.31005859375
2002-03-11,-0.08,1168.260009765625
2002-03-12,-0.088,1165.5799560546875
2002-03-13,-0.056,1154.0899658203125
2002-03-14,-0.064,1153.0400390625
2002-03-15,-0.072,1166.1600341796875
2002-03-18,-0.064,1165.550048828125
2002-03-19,-0.048,1170.2900390625
2002-03-20,-0.04,1151.8499755859375
2002-03-21,-0.032,1153.5899658203125
2002-03-22,-0.032,1148.699951171875
2002-03-25,-0.008,1131.8699951171875
2002-03-26,-0.032,1138.489990234375
2002-03-27,-0.024,1144.5799560546875
2002-03-28,-0.008,1147.3900146484375
2002-04-01,-0.024,1146.5400390625
2002-04-02,-0.016,1136.760009765625
2002-04-03,0.0,1125.4000244140625
2002-04-04,0.0,1126.3399658203125
2002-04-05,0.0,1122.72998046875
2002-04-08,-0.024,1125.2900390625
2002-04-09,0.024,1117.800048828125
2002-04-10,-0.04,1130.469970703125
2002-04-11,-0.024,1103.68994140625
2002-04-12,0.0,1111.010009765625
2002-04-15,-0.032,1102.550048828125
2002-04-16,-0.008,1128.3699951171875
2002-04-17,-0.04,1126.0699462890625
2002-04-18,-0.048,1124.469970703125
2002-04-19,-0.024,1125.1700439453125
2002-04-22,-0.008,1107.8299560546875
2002-04-23,-0.064,1100.9599609375
2002-04-24,-0.032,1093.1400146484375
2002-04-25,-0.064,1091.47998046875
2002-04-26,-0.096,1076.3199462890625
2002-04-29,-0.056,1065.449951171875
2002-04-30,-0.056,1076.9200439453125
2002-05-01,-0.072,1086.4599609375
2002-05-02,-0.096,1084.56005859375
2002-05-03,-0.032,1073.4300537109375
2002-05-06,-0.12,1052.6700439453125
2002-05-07,-0.072,1049.489990234375
2002-05-08,-0.064,1088.8499755859375
2002-05-09,-0.12,1073.010009765625
2002-05-10,-0.096,1054.989990234375
2002-05-13,-0.024,1074.56005859375
2002-05-14,-0.032,1097.280029296875
2002-05-15,-0.056,1091.0699462890625
2002-05-16,-0.104,1098.22998046875
2002-05-17,-0.032,1106.5899658203125
2002-05-20,-0.072,1091.8800048828125
2002-05-21,-0.08,1079.8800048828125
2002-05-22,-0.136,1086.02001953125
2002-05-23,-0.064,1097.0799560546875
2002-05-24,-0.12,1083.8199462890625
2002-05-28,-0.12,1074.550048828125
2002-05-29,-0.104,1067.6600341796875
2002-05-30,-0.08,1064.6600341796875
2002-05-31,-0.096,1067.1400146484375
2002-06-03,-0.072,1040.6800537109375
2002-06-04,-0.096,1040.68994140625
2002-06-05,-0.088,1049.9000244140625
2002-06-06,-0.168,1029.1500244140625
2002-06-07,-0.096,1027.530029296875
2002-06-10,-0.112,1030.739990234375
2002-06-11,-0.072,1013.5999755859376
2002-06-12,-0.088,1020.260009765625
2002-06-13,-0.096,1009.5599975585938
2002-06-14,-0.12,1007.27001953125
2002-06-17,-0.112,1036.1700439453125
2002-06-18,-0.072,1037.1400146484375
2002-06-19,-0.072,1019.989990234375
2002-06-20,-0.12,1006.2899780273438
2002-06-21,-0.104,989.1400146484376
2002-06-24,-0.096,992.719970703125
2002-06-25,-0.144,976.1400146484376
2002-06-26,-0.144,973.530029296875
2002-06-27,-0.104,990.6400146484376
2002-06-28,-0.12,989.8200073242188
2002-07-01,-0.128,968.6500244140624
2002-07-02,-0.136,948.0900268554688
2002-07-03,-0.176,953.989990234375
2002-07-05,-0.096,989.030029296875
2002-07-08,-0.136,976.97998046875
2002-07-09,-0.128,952.8300170898438
2002-07-10,-0.112,920.469970703125
2002-07-11,-0.112,927.3699951171876
2002-07-12,-0.128,921.3900146484376
2002-07-15,-0.088,917.9299926757812
2002-07-16,-0.072,900.9400024414062
2002-07-17,-0.12,906.0399780273438
2002-07-18,-0.112,881.5599975585938
2002-07-19,-0.128,847.75
2002-07-22,-0.112,819.8499755859375
2002-07-23,-0.136,797.7000122070312
2002-07-24,-0.104,843.4299926757812
2002-07-25,-0.12,838.6799926757812
2002-07-26,-0.136,852.8400268554688
2002-07-29,-0.12,898.9600219726562
2002-07-30,-0.128,902.780029296875
2002-07-31,-0.096,911.6199951171876
2002-08-01,-0.128,884.6599731445312
2002-08-02,-0.12,864.239990234375
2002-08-05,-0.12,834.5999755859375
2002-08-06,-0.152,859.5700073242188
2002-08-07,-0.112,876.77001953125
2002-08-08,-0.104,905.4600219726562
2002-08-09,-0.104,908.6400146484376
2002-08-12,-0.096,903.7999877929688
2002-08-13,-0.112,884.2100219726562
2002-08-14,-0.12,919.6199951171876
2002-08-15,-0.144,930.25
2002-08-16,-0.152,928.77001953125
2002-08-19,-0.088,950.7000122070312
2002-08-20,-0.112,937.4299926757812
2002-08-21,-0.112,949.3599853515624
2002-08-22,-0.112,962.7000122070312
2002-08-23,-0.12,940.8599853515624
2002-08-26,-0.112,947.9500122070312
2002-08-27,-0.152,934.8200073242188
2002-08-28,-0.144,917.8699951171876
2002-08-29,-0.16,917.7999877929688
2002-08-30,-0.136,916.0700073242188
2002-09-03,-0.152,878.02001953125
2002-09-04,-0.16,893.4000244140625
2002-09-05,-0.128,879.1500244140625
2002-09-06,-0.16,893.9199829101562
2002-09-09,-0.152,902.9600219726562
2002-09-10,-0.112,909.5800170898438
2002-09-11,-0.096,909.4500122070312
2002-09-12,-0.08,886.9099731445312
2002-09-13,-0.08,889.8099975585938
2002-09-16,-0.096,891.0999755859375
2002-09-17,-0.104,873.52001953125
2002-09-18,-0.112,869.4600219726562
2002-09-19,-0.112,843.3200073242188
2002-09-20,-0.096,845.3900146484375
2002-09-23,-0.104,833.7000122070312
2002-09-24,-0.12,819.2899780273438
2002-09-25,-0.112,839.6599731445312
2002-09-26,-0.12,854.9500122070312
2002-09-27,-0.112,827.3699951171875
2002-09-30,-0.104,815.280029296875
2002-10-01,-0.112,847.9099731445312
2002-10-02,-0.12,827.9099731445312
2002-10-03,-0.128,818.9500122070312
2002-10-04,-0.128,800.5800170898438
2002-10-07,-0.144,785.280029296875
2002-10-08,-0.136,798.5499877929688
2002-10-09,-0.144,776.760009765625
2002-10-10,-0.16,803.9199829101562
2002-10-11,-0.152,835.3200073242188
2002-10-14,-0.152,841.4400024414062
2002-10-15,-0.152,881.27001953125
2002-10-16,-0.136,860.02001953125
2002-10-17,-0.16,879.2000122070312
2002-10-18,-0.144,884.3900146484375
2002-10-21,-0.168,899.719970703125
2002-10-22,-0.128,890.1599731445312
2002-10-23,-0.144,896.1400146484375
2002-10-24,-0.136,882.5
2002-10-25,-0.136,897.6500244140625
2002-10-28,-0.152,890.22998046875
2002-10-29,-0.152,882.1500244140625
2002-10-30,-0.104,890.7100219726562
2002-10-31,-0.112,885.760009765625
2002-11-01,-0.136,900.9600219726562
2002-11-04,-0.152,908.3499755859376
2002-11-05,-0.168,915.3900146484376
2002-11-06,-0.16,923.760009765625
2002-11-07,-0.192,902.6500244140624
2002-11-08,-0.2,894.739990234375
2002-11-11,-0.176,876.1900024414062
2002-11-12,-0.192,882.9500122070312
2002-11-13,-0.184,882.530029296875
2002-11-14,-0.2,904.27001953125
2002-11-15,-0.192,909.8300170898438
2002-11-18,-0.184,900.3599853515625
2002-11-19,-0.192,896.739990234375
2002-11-20,-0.208,914.1500244140624
2002-11-21,-0.208,933.760009765625
2002-11-22,-0.168,930.5499877929688
2002-11-25,-0.176,932.8699951171876
2002-11-26,-0.136,913.3099975585938
2002-11-27,-0.144,938.8699951171876
2002-11-29,-0.112,936.3099975585938
2002-12-02,-0.064,934.530029296875
2002-12-03,-0.08,920.75
2002-12-04,-0.08,917.5800170898438
2002-12-05,-0.096,906.5499877929688
2002-12-06,-0.088,912.22998046875
2002-12-09,-0.072,892.0
2002-12-10,-0.072,904.4500122070312
2002-12-11,-0.056,904.9600219726562
2002-12-12,-0.072,901.5800170898438
2002-12-13,-0.08,889.47998046875
2002-12-16,-0.136,910.4000244140624
2002-12-17,-0.168,902.989990234375
2002-12-18,-0.152,891.1199951171875
2002-12-19,-0.184,884.25
2002-12-20,-0.144,895.760009765625
2002-12-23,-0.208,897.3800048828125
2002-12-24,-0.176,892.469970703125
2002-12-26,-0.168,889.6599731445312
2002-12-27,-0.192,875.4000244140625
2002-12-30,-0.216,879.3900146484375
2002-12-31,-0.224,879.8200073242188
2003-01-02,-0.2,909.030029296875
2003-01-03,-0.224,908.5900268554688
2003-01-06,-0.216,929.010009765625
2003-01-07,-0.264,922.9299926757812
2003-01-08,-0.264,909.9299926757812
2003-01-09,-0.28,927.5700073242188
2003-01-10,-0.248,927.5700073242188
2003-01-13,-0.352,926.260009765625
2003-01-14,-0.392,931.6599731445312
2003-01-15,-0.448,918.219970703125
2003-01-16,-0.432,914.5999755859376
2003-01-17,-0.464,901.780029296875
2003-01-21,-0.456,887.6199951171875
2003-01-22,-0.48,878.3599853515625
2003-01-23,-0.472,887.3400268554688
2003-01-24,-0.448,861.4000244140625
2003-01-27,-0.416,847.47998046875
2003-01-28,-0.416,858.5399780273438
2003-01-29,-0.432,864.3599853515625
2003-01-30,-0.408,844.6099853515625
2003-01-31,-0.376,855.7000122070312
2003-02-03,-0.368,860.3200073242188
2003-02-04,-0.368,848.2000122070312
2003-02-05,-0.368,843.5900268554688
2003-02-06,-0.4,838.1500244140625
2003-02-07,-0.432,829.6900024414062
2003-02-10,-0.416,835.969970703125
2003-02-11,-0.392,829.2000122070312
2003-02-12,-0.36,818.6799926757812
2003-02-13,-0.352,817.3699951171875
2003-02-14,-0.408,834.8900146484375
2003-02-18,-0.36,851.1699829101562
2003-02-19,-0.384,845.1300048828125
2003-02-20,-0.4,837.0999755859375
2003-02-21,-0.4,848.1699829101562
2003-02-24,-0.392,832.5800170898438
2003-02-25,-0.424,838.5700073242188
2003-02-26,-0.44,827.5499877929688
2003-02-27,-0.344,837.280029296875
2003-02-28,-0.376,841.1500244140625
2003-03-03,-0.424,834.8099975585938
2003-03-04,-0.416,821.989990234375
2003-03-05,-0.4,829.8499755859375
2003-03-06,-0.408,822.0999755859375
2003-03-07,-0.376,828.8900146484375
2003-03-10,-0.368,807.47998046875
2003-03-11,-0.376,800.72998046875
2003-03-12,-0.336,804.1900024414062
2003-03-13,-0.312,831.9000244140625
2003-03-14,-0.344,833.27001953125
2003-03-17,-0.376,862.7899780273438
2003-03-18,-0.408,866.4500122070312
2003-03-19,-0.448,874.02001953125
2003-03-20,-0.432,875.6699829101562
2003-03-21,-0.44,895.7899780273438
2003-03-24,-0.456,864.22998046875
2003-03-25,-0.416,874.739990234375
2003-03-26,-0.4,869.9500122070312
2003-03-27,-0.448,868.52001953125
2003-03-28,-0.448,863.5
2003-03-31,-0.472,848.1799926757812
2003-04-01,-0.48,858.47998046875
2003-04-02,-0.488,880.9000244140625
2003-04-03,-0.552,876.4500122070312
2003-04-04,-0.576,878.8499755859375
2003-04-07,-0.552,879.9299926757812
2003-04-08,-0.6,878.2899780273438
2003-04-09,-0.6,865.989990234375
2003-04-10,-0.568,871.5800170898438
2003-04-11,-0.528,868.2999877929688
2003-04-14,-0.512,885.22998046875
2003-04-15,-0.528,890.8099975585938
2003-04-16,-0.512,879.9099731445312
2003-04-17,-0.496,893.5800170898438
2003-04-21,-0.544,892.010009765625
2003-04-22,-0.512,911.3699951171876
2003-04-23,-0.456,919.02001953125
2003-04-24,-0.464,911.4299926757812
2003-04-25,-0.464,898.8099975585938
2003-04-28,-0.448,914.8400268554688
2003-04-29,-0.424,917.8400268554688
2003-04-30,-0.416,916.9199829101562
2003-05-01,-0.392,916.2999877929688
2003-05-02,-0.384,930.0800170898438
2003-05-05,-0.36,926.5499877929688
2003-05-06,-0.32,934.3900146484376
2003-05-07,-0.256,929.6199951171876
2003-05-08,-0.216,920.27001953125
2003-05-09,-0.16,933.4099731445312
2003-05-12,-0.136,945.1099853515624
2003-05-13,-0.072,942.2999877929688
2003-05-14,-0.072,939.280029296875
2003-05-15,-0.048,946.6699829101562
2003-05-16,-0.008,944.2999877929688
2003-05-19,-0.032,920.77001953125
2003-05-20,-0.032,919.72998046875
2003-05-21,-0.032,923.4199829101562
2003-05-22,-0.016,931.8699951171876
2003-05-23,-0.016,933.219970703125
2003-05-27,0.0,951.47998046875
2003-05-28,0.0,953.219970703125
2003-05-29,0.008,949.6400146484376
2003-05-30,-0.008,963.5900268554688
2003-06-02,0.0,967.0
2003-06-03,0.0,971.5599975585938
2003-06-04,0.008,986.239990234375
2003-06-05,0.008,990.1400146484376
2003-06-06,-0.008,987.760009765625
2003-06-09,-0.008,975.9299926757812
2003-06-10,-0.016,984.8400268554688
2003-06-11,0.008,997.47998046875
2003-06-12,-0.016,998.510009765625
2003-06-13,0.008,988.6099853515624
2003-06-16,0.0,1010.739990234375
2003-06-17,0.008,1011.6599731445312
2003-06-18,0.0,1010.0900268554688
2003-06-19,0.0,994.7000122070312
2003-06-20,0.0,995.6900024414062
2003-06-23,0.008,981.6400146484376
2003-06-24,-0.008,983.4500122070312
2003-06-25,-0.008,975.3200073242188
2003-06-26,-0.04,985.8200073242188
2003-06-27,-0.024,976.219970703125
2003-06-30,-0.024,974.5
2003-07-01,-0.024,982.3200073242188
2003-07-02,-0.032,993.75
2003-07-03,-0.016,985.7000122070312
2003-07-07,-0.048,1004.4199829101562
2003-07-08,-0.016,1007.8400268554688
2003-07-09,-0.024,1002.2100219726562
2003-07-10,-0.04,988.7000122070312
2003-07-11,-0.024,998.1400146484376
2003-07-14,-0.016,1003.8599853515624
2003-07-15,-0.032,1000.4199829101562
2003-07-16,-0.04,994.0900268554688
2003-07-17,-0.032,981.72998046875
2003-07-18,-0.096,993.3200073242188
2003-07-21,-0.096,978.7999877929688
2003-07-22,-0.048,988.1099853515624
2003-07-23,-0.016,988.6099853515624
2003-07-24,-0.024,981.5999755859376
2003-07-25,0.0,998.6799926757812
2003-07-28,-0.056,996.52001953125
2003-07-29,-0.024,989.280029296875
2003-07-30,-0.008,987.489990234375
2003-07-31,0.008,990.3099975585938
2003-08-01,-0.008,980.1500244140624
2003-08-04,-0.016,982.8200073242188
2003-08-05,0.0,965.4600219726562
2003-08-06,-0.032,967.0800170898438
2003-08-07,-0.024,974.1199951171876
2003-08-08,-0.016,977.5900268554688
2003-08-11,-0.064,980.5900268554688
2003-08-12,-0.04,990.3499755859376
2003-08-13,-0.08,984.030029296875
2003-08-14,-0.016,990.510009765625
2003-08-15,0.008,990.6699829101562
2003-08-18,0.008,999.739990234375
2003-08-19,0.016,1002.3499755859376
2003-08-20,-0.008,1000.2999877929688
2003-08-21,0.04,1003.27001953125
2003-08-22,0.024,993.0599975585938
2003-08-25,0.024,993.7100219726562
2003-08-26,0.032,996.72998046875
2003-08-27,0.0,996.7899780273438
2003-08-28,0.008,1002.8400268554688
2003-08-29,0.016,1008.010009765625
2003-09-02,0.024,1021.989990234375
2003-09-03,0.024,1026.27001953125
2003-09-04,0.016,1027.969970703125
2003-09-05,0.04,1021.3900146484376
2003-09-08,0.016,1031.6400146484375
2003-09-09,0.032,1023.1699829101562
2003-09-10,0.024,1010.9199829101562
2003-09-11,0.016,1016.4199829101562
2003-09-12,0.064,1018.6300048828124
2003-09-15,0.08,1014.8099975585938
2003-09-16,0.024,1029.3199462890625
2003-09-17,0.064,1025.969970703125
2003-09-18,0.04,1039.5799560546875
2003-09-19,0.064,1036.300048828125
2003-09-22,0.048,1022.8200073242188
2003-09-23,0.048,1029.030029296875
2003-09-24,0.056,1009.3800048828124
2003-09-25,0.048,1003.27001953125
2003-09-26,0.064,996.8499755859376
2003-09-29,0.064,1006.5800170898438
2003-09-30,0.08,995.969970703125
2003-10-01,0.056,1018.219970703125
2003-10-02,0.048,1020.239990234375
2003-10-03,0.032,1029.8499755859375
2003-10-06,0.072,1034.3499755859375
2003-10-07,0.072,1039.25
2003-10-08,0.088,1033.780029296875
2003-10-09,0.08,1038.72998046875
2003-10-10,0.032,1038.06005859375
2003-10-13,0.048,1045.3499755859375
2003-10-14,0.08,1049.47998046875
2003-10-15,0.072,1046.760009765625
2003-10-16,0.016,1050.0699462890625
2003-10-17,0.04,1039.3199462890625
2003-10-20,0.024,1044.6800537109375
2003-10-21,0.024,1046.030029296875
2003-10-22,0.008,1030.3599853515625
2003-10-23,0.016,1033.77001953125
2003-10-24,0.008,1028.9100341796875
2003-10-27,0.008,1031.1300048828125
2003-10-28,0.0,1046.7900390625
2003-10-29,-0.024,1048.1099853515625
2003-10-30,0.024,1046.93994140625
2003-10-31,0.024,1050.7099609375
2003-11-03,0.024,1059.02001953125
2003-11-04,0.064,1053.25
2003-11-05,0.024,1051.81005859375
2003-11-06,0.048,1058.050048828125
2003-11-07,0.048,1053.2099609375
2003-11-10,0.032,1047.1099853515625
2003-11-11,0.048,1046.5699462890625
2003-11-12,0.032,1058.530029296875
2003-11-13,0.056,1058.4100341796875
2003-11-14,0.048,1050.3499755859375
2003-11-17,0.024,1043.6300048828125
2003-11-18,0.008,1034.1500244140625
2003-11-19,0.008,1042.43994140625
2003-11-20,0.024,1033.6500244140625
2003-11-21,0.008,1035.280029296875
2003-11-24,0.0,1052.0799560546875
2003-11-25,-0.008,1053.8900146484375
2003-11-26,0.024,1058.449951171875
2003-11-28,0.016,1058.199951171875
2003-12-01,-0.008,1070.1199951171875
2003-12-02,-0.024,1066.6199951171875
2003-12-03,-0.032,1064.72998046875
2003-12-04,0.024,1069.719970703125
2003-12-05,0.016,1061.5
2003-12-08,-0.016,1069.300048828125
2003-12-09,-0.008,1060.1800537109375
2003-12-10,-0.024,1059.050048828125
2003-12-11,0.0,1071.2099609375
2003-12-12,-0.008,1074.1400146484375
2003-12-15,-0.016,1068.0400390625
2003-12-16,-0.024,1075.1300048828125
2003-12-17,-0.024,1076.47998046875
2003-12-18,-0.008,1089.1800537109375
2003-12-19,-0.024,1088.6600341796875
2003-12-22,-0.016,1092.93994140625
2003-12-23,-0.056,1096.02001953125
2003-12-24,-0.032,1094.0400390625
2003-12-26,0.0,1095.8900146484375
2003-12-29,-0.056,1109.47998046875
2003-12-30,0.032,1109.6400146484375
2003-12-31,0.0,1111.9200439453125
2004-01-02,0.016,1108.47998046875
2004-01-05,0.04,1122.219970703125
2004-01-06,0.088,1123.6700439453125
2004-01-07,0.104,1126.3299560546875
2004-01-08,0.096,1131.9200439453125
2004-01-09,0.088,1121.8599853515625
2004-01-12,0.064,1127.22998046875
2004-01-13,0.064,1121.219970703125
2004-01-14,0.08,1130.52001953125
2004-01-15,0.112,1132.050048828125
2004-01-16,0.072,1139.8299560546875
2004-01-20,0.08,1138.77001953125
2004-01-21,0.096,1147.6199951171875
2004-01-22,0.088,1143.93994140625
2004-01-23,0.104,1141.550048828125
2004-01-26,0.072,1155.3699951171875
2004-01-27,0.072,1144.050048828125
2004-01-28,0.064,1128.47998046875
2004-01-29,0.032,1134.1099853515625
2004-01-30,0.056,1131.1300048828125
2004-02-02,0.016,1135.260009765625
2004-02-03,0.04,1136.030029296875
2004-02-04,0.04,1126.52001953125
2004-02-05,0.024,1128.5899658203125
2004-02-06,0.04,1142.760009765625
2004-02-09,0.064,1139.81005859375
2004-02-10,0.08,1145.5400390625
2004-02-11,0.056,1157.760009765625
2004-02-12,0.072,1152.1099853515625
2004-02-13,0.032,1145.81005859375
2004-02-17,0.096,1156.989990234375
2004-02-18,0.096,1151.8199462890625
2004-02-19,0.088,1147.06005859375
2004-02-20,0.096,1144.1099853515625
2004-02-23,0.088,1140.989990234375
2004-02-24,0.072,1139.0899658203125
2004-02-25,0.048,1143.6700439453125
2004-02-26,0.072,1144.9100341796875
2004-02-27,0.072,1144.93994140625
2004-03-01,0.064,1155.969970703125
2004-03-02,0.096,1149.0999755859375
2004-03-03,0.104,1151.030029296875
2004-03-04,0.136,1154.8699951171875
2004-03-05,0.096,1156.8599853515625
2004-03-08,0.12,1147.199951171875
2004-03-09,0.112,1140.5799560546875
2004-03-10,0.128,1123.8900146484375
2004-03-11,0.088,1106.780029296875
2004-03-12,0.152,1120.5699462890625
2004-03-15,0.136,1104.489990234375
2004-03-16,0.144,1110.699951171875
2004-03-17,0.144,1123.75
2004-03-18,0.152,1122.3199462890625
2004-03-19,0.128,1109.780029296875
2004-03-22,0.184,1095.4000244140625
2004-03-23,0.192,1093.949951171875
2004-03-24,0.224,1091.3299560546875
2004-03-25,0.304,1109.18994140625
2004-03-26,0.272,1108.06005859375
2004-03-29,0.232,1122.469970703125
2004-03-30,0.216,1127.0
2004-03-31,0.264,1126.2099609375
2004-04-01,0.232,1132.1700439453125
2004-04-02,0.216,1141.81005859375
2004-04-05,0.224,1150.5699462890625
2004-04-06,0.24,1148.1600341796875
2004-04-07,0.176,1140.530029296875
2004-04-08,0.224,1139.3199462890625
2004-04-12,0.176,1145.199951171875
2004-04-13,0.176,1129.43994140625
2004-04-14,0.128,1128.1700439453125
2004-04-15,0.176,1128.8399658203125
2004-04-16,0.184,1134.6099853515625
2004-04-19,0.152,1135.8199462890625
2004-04-20,0.12,1118.1500244140625
2004-04-21,0.104,1124.0899658203125
2004-04-22,0.128,1139.9300537109375
2004-04-23,0.08,1140.5999755859375
2004-04-26,0.112,1135.530029296875
2004-04-27,0.136,1138.1099853515625
2004-04-28,0.112,1122.4100341796875
2004-04-29,0.112,1113.8900146484375
2004-04-30,0.088,1107.300048828125
2004-05-03,0.08,1117.489990234375
2004-05-04,0.032,1119.550048828125
2004-05-05,0.056,1121.530029296875
2004-05-06,0.0,1113.989990234375
2004-05-07,0.024,1098.699951171875
2004-05-10,0.008,1087.1199951171875
2004-05-11,-0.032,1095.449951171875
2004-05-12,-0.064,1097.280029296875
2004-05-13,-0.056,1096.43994140625
2004-05-14,-0.112,1095.699951171875
2004-05-17,-0.096,1084.0999755859375
2004-05-18,-0.088,1091.489990234375
2004-05-19,-0.12,1088.6800537109375
2004-05-20,-0.112,1089.18994140625
2004-05-21,-0.104,1093.56005859375
2004-05-24,-0.104,1095.4100341796875
2004-05-25,-0.136,1113.050048828125
2004-05-26,-0.128,1114.93994140625
2004-05-27,-0.144,1121.280029296875
2004-05-28,-0.136,1120.6800537109375
2004-06-01,-0.136,1121.199951171875
2004-06-02,-0.136,1124.989990234375
2004-06-03,-0.152,1116.6400146484375
2004-06-04,-0.16,1122.5
2004-06-07,-0.144,1140.4200439453125
2004-06-08,-0.168,1142.1800537109375
2004-06-09,-0.16,1131.3299560546875
2004-06-10,-0.16,1136.469970703125
2004-06-14,-0.16,1125.2900390625
2004-06-15,-0.16,1132.010009765625
2004-06-16,-0.144,1133.56005859375
2004-06-17,-0.136,1132.050048828125
2004-06-18,-0.112,1135.02001953125
2004-06-21,-0.144,1130.300048828125
2004-06-22,-0.136,1134.4100341796875
2004-06-23,-0.12,1144.06005859375
2004-06-24,-0.104,1140.6500244140625
2004-06-25,-0.088,1134.4300537109375
2004-06-28,-0.12,1133.3499755859375
2004-06-29,-0.128,1136.199951171875
2004-06-30,-0.12,1140.8399658203125
2004-07-01,-0.104,1128.93994140625
2004-07-02,-0.112,1125.3800048828125
2004-07-06,-0.12,1116.2099609375
2004-07-07,-0.088,1118.3299560546875
2004-07-08,-0.072,1109.1099853515625
2004-07-09,-0.088,1112.81005859375
2004-07-12,-0.08,1114.3499755859375
2004-07-13,-0.088,1115.1400146484375
2004-07-14,-0.088,1111.469970703125
2004-07-15,-0.064,1106.68994140625
2004-07-16,-0.104,1101.3900146484375
2004-07-19,-0.08,1100.9000244140625
2004-07-20,-0.096,1108.6700439453125
2004-07-21,-0.08,1093.8800048828125
2004-07-22,-0.12,1096.8399658203125
2004-07-23,-0.136,1086.199951171875
2004-07-26,-0.144,1084.0699462890625
2004-07-27,-0.184,1094.8299560546875
2004-07-28,-0.152,1095.4200439453125
2004-07-29,-0.168,1100.4300537109375
2004-07-30,-0.176,1101.719970703125
2004-08-02,-0.136,1106.6199951171875
2004-08-03,-0.16,1099.68994140625
2004-08-04,-0.16,1098.6300048828125
2004-08-05,-0.144,1080.699951171875
2004-08-06,-0.16,1063.969970703125
2004-08-09,-0.152,1065.219970703125
2004-08-10,-0.192,1079.0400390625
2004-08-11,-0.184,1075.7900390625
2004-08-12,-0.168,1063.22998046875
2004-08-13,-0.208,1064.800048828125
2004-08-16,-0.2,1079.3399658203125
2004-08-17,-0.208,1081.7099609375
2004-08-18,-0.208,1095.1700439453125
2004-08-19,-0.2,1091.22998046875
2004-08-20,-0.2,1098.3499755859375
2004-08-23,-0.2,1095.6800537109375
2004-08-24,-0.176,1096.18994140625
2004-08-25,-0.192,1104.9599609375
2004-08-26,-0.192,1105.0899658203125
2004-08-27,-0.2,1107.77001953125
2004-08-30,-0.208,1099.1500244140625
2004-08-31,-0.184,1104.239990234375
2004-09-01,-0.184,1105.9100341796875
2004-09-02,-0.184,1118.31005859375
2004-09-03,-0.184,1113.6300048828125
2004-09-07,-0.176,1121.300048828125
2004-09-08,-0.168,1116.27001953125
2004-09-09,-0.168,1118.3800048828125
2004-09-10,-0.184,1123.9200439453125
2004-09-13,-0.192,1125.8199462890625
2004-09-14,-0.16,1128.3299560546875
2004-09-15,-0.184,1120.3699951171875
2004-09-16,-0.176,1123.5
2004-09-17,-0.168,1128.550048828125
2004-09-20,-0.176,1122.199951171875
2004-09-21,-0.184,1129.300048828125
2004-09-22,-0.176,1113.56005859375
2004-09-23,-0.192,1108.3599853515625
2004-09-24,-0.16,1110.1099853515625
2004-09-27,-0.176,1103.52001953125
2004-09-28,-0.128,1110.06005859375
2004-09-29,-0.168,1114.800048828125
2004-09-30,-0.184,1114.5799560546875
2004-10-01,-0.128,1131.5
2004-10-04,-0.152,1135.1700439453125
2004-10-05,-0.168,1134.47998046875
2004-10-06,-0.152,1142.050048828125
2004-10-07,-0.144,1130.6500244140625
2004-10-08,-0.144,1122.1400146484375
2004-10-11,-0.176,1124.3900146484375
2004-10-12,-0.152,1121.8399658203125
2004-10-13,-0.16,1113.6500244140625
2004-10-14,-0.136,1103.2900390625
2004-10-15,-0.144,1108.199951171875
2004-10-18,-0.2,1114.02001953125
2004-10-19,-0.16,1103.22998046875
2004-10-20,-0.152,1103.6600341796875
2004-10-21,-0.2,1106.489990234375
2004-10-22,-0.208,1095.739990234375
2004-10-25,-0.232,1094.800048828125
2004-10-26,-0.192,1111.0899658203125
2004-10-27,-0.2,1125.4000244140625
2004-10-28,-0.184,1127.43994140625
2004-10-29,-0.2,1130.199951171875
2004-11-01,-0.184,1130.510009765625
2004-11-02,-0.192,1130.56005859375
2004-11-03,-0.184,1143.199951171875
2004-11-04,-0.176,1161.6700439453125
2004-11-05,-0.184,1166.1700439453125
2004-11-08,-0.144,1164.8900146484375
2004-11-09,-0.176,1164.0799560546875
2004-11-10,-0.16,1162.9100341796875
2004-11-11,-0.096,1173.47998046875
2004-11-12,-0.152,1184.1700439453125
2004-11-15,-0.144,1183.81005859375
2004-11-16,-0.16,1175.4300537109375
2004-11-17,-0.128,1181.93994140625
2004-11-18,-0.152,1183.550048828125
2004-11-19,-0.128,1170.3399658203125
2004-11-22,-0.12,1177.239990234375
2004-11-23,-0.136,1176.93994140625
2004-11-24,-0.136,1181.760009765625
2004-11-26,-0.136,1182.6500244140625
2004-11-29,-0.128,1178.5699462890625
2004-11-30,-0.144,1173.8199462890625
2004-12-01,-0.128,1191.3699951171875
2004-12-02,-0.104,1190.3299560546875
2004-12-03,-0.104,1191.1700439453125
2004-12-06,-0.104,1190.25
2004-12-07,-0.112,1177.0699462890625
2004-12-08,-0.104,1182.81005859375
2004-12-09,-0.072,1189.239990234375
2004-12-10,-0.104,1188.0
2004-12-13,-0.08,1198.6800537109375
2004-12-14,-0.072,1203.3800048828125
2004-12-15,-0.112,1205.719970703125
2004-12-16,-0.064,1203.2099609375
2004-12-17,-0.056,1194.199951171875
2004-12-20,-0.088,1194.6500244140625
2004-12-21,-0.088,1205.449951171875
2004-12-22,-0.056,1209.5699462890625
2004-12-23,-0.104,1210.1300048828125
2004-12-27,-0.104,1204.9200439453125
2004-12-28,-0.104,1213.5400390625
2004-12-29,-0.048,1213.449951171875
2004-12-30,-0.088,1213.550048828125
2004-12-31,-0.096,1211.9200439453125
2005-01-03,-0.08,1202.0799560546875
2005-01-04,-0.064,1188.050048828125
2005-01-05,-0.072,1183.739990234375
2005-01-06,-0.056,1187.8900146484375
2005-01-07,-0.056,1186.18994140625
2005-01-10,-0.04,1190.25
2005-01-11,-0.032,1182.989990234375
2005-01-12,-0.016,1187.699951171875
2005-01-13,-0.048,1177.449951171875
2005-01-14,-0.024,1184.52001953125
2005-01-18,-0.04,1195.97998046875
2005-01-19,-0.016,1184.6300048828125
2005-01-20,-0.016,1175.4100341796875
2005-01-21,-0.008,1167.8699951171875
2005-01-24,-0.008,1163.75
2005-01-25,0.0,1168.4100341796875
2005-01-26,-0.016,1174.0699462890625
2005-01-27,-0.008,1174.550048828125
2005-01-28,-0.032,1171.3599853515625
2005-01-31,0.008,1181.27001953125
2005-02-01,0.016,1189.4100341796875
2005-02-02,0.016,1193.18994140625
2005-02-03,-0.016,1189.8900146484375
2005-02-04,0.016,1203.030029296875
2005-02-07,0.016,1201.719970703125
2005-02-08,0.016,1202.300048828125
2005-02-09,0.032,1191.989990234375
2005-02-10,0.032,1197.010009765625
2005-02-11,0.016,1205.300048828125
2005-02-14,0.008,1206.1400146484375
2005-02-15,0.048,1210.1199951171875
2005-02-16,0.008,1210.3399658203125
2005-02-17,0.008,1200.75
2005-02-18,0.064,1201.5899658203125
2005-02-22,0.072,1184.1600341796875
2005-02-23,0.088,1190.800048828125
2005-02-24,0.04,1200.199951171875
2005-02-25,0.04,1211.3699951171875
2005-02-28,0.096,1203.5999755859375
2005-03-01,0.072,1210.4100341796875
2005-03-02,0.136,1210.0799560546875
2005-03-03,0.104,1210.469970703125
2005-03-04,0.072,1222.1199951171875
2005-03-07,0.136,1225.31005859375
2005-03-08,0.12,1219.4300537109375
2005-03-09,0.168,1207.010009765625
2005-03-10,0.096,1209.25
2005-03-11,0.088,1200.0799560546875
2005-03-14,0.104,1206.8299560546875
2005-03-15,0.112,1197.75
2005-03-16,0.12,1188.0699462890625
2005-03-17,0.096,1190.2099609375
2005-03-18,0.088,1189.6500244140625
2005-03-21,0.136,1183.780029296875
2005-03-22,0.08,1171.7099609375
2005-03-23,0.064,1172.530029296875
2005-03-24,0.064,1171.4200439453125
2005-03-28,0.032,1174.280029296875
2005-03-29,0.048,1165.3599853515625
2005-03-30,0.032,1181.4100341796875
2005-03-31,0.04,1180.5899658203125
2005-04-01,0.064,1172.9200439453125
2005-04-04,0.056,1176.1199951171875
2005-04-05,0.064,1181.3900146484375
2005-04-06,0.08,1184.0699462890625
2005-04-07,0.08,1191.1400146484375
2005-04-08,0.064,1181.199951171875
2005-04-11,0.056,1181.2099609375
2005-04-12,0.032,1187.760009765625
2005-04-13,0.04,1173.7900390625
2005-04-14,0.024,1162.050048828125
2005-04-15,0.024,1142.6199951171875
2005-04-18,0.032,1145.97998046875
2005-04-19,0.016,1152.780029296875
2005-04-20,0.024,1137.5
2005-04-21,0.032,1159.949951171875
2005-04-22,0.04,1152.1199951171875
2005-04-25,0.048,1162.0999755859375
2005-04-26,0.04,1151.8299560546875
2005-04-27,0.032,1156.3800048828125
2005-04-28,0.04,1143.219970703125
2005-04-29,0.056,1156.8499755859375
2005-05-02,0.008,1162.1600341796875
2005-05-03,-0.008,1161.1700439453125
2005-05-04,0.04,1175.6500244140625
2005-05-05,0.032,1172.6300048828125
2005-05-06,0.056,1171.3499755859375
2005-05-09,0.024,1178.8399658203125
2005-05-10,0.024,1166.219970703125
2005-05-11,0.04,1171.1099853515625
2005-05-12,0.0,1159.3599853515625
2005-05-13,0.048,1154.050048828125
2005-05-16,0.016,1165.68994140625
2005-05-17,0.016,1173.800048828125
2005-05-18,0.056,1185.56005859375
2005-05-19,0.064,1191.0799560546875
2005-05-20,0.024,1189.280029296875
2005-05-23,0.048,1193.8599853515625
2005-05-24,0.0,1194.0699462890625
2005-05-25,0.072,1190.010009765625
2005-05-26,0.04,1197.6199951171875
2005-05-27,0.048,1198.780029296875
2005-05-31,0.096,1191.5
2005-06-01,0.088,1202.219970703125
2005-06-02,0.136,1204.2900390625
2005-06-03,0.096,1196.02001953125
2005-06-06,0.12,1197.510009765625
2005-06-07,0.12,1197.260009765625
2005-06-08,0.128,1194.6700439453125
2005-06-09,0.144,1200.9300537109375
2005-06-10,0.112,1198.1099853515625
2005-06-13,0.104,1200.8199462890625
2005-06-14,0.144,1203.9100341796875
2005-06-15,0.16,1206.5799560546875
2005-06-16,0.144,1210.9599609375
2005-06-17,0.12,1216.9599609375
2005-06-20,0.176,1216.0999755859375
2005-06-21,0.144,1213.6099853515625
2005-06-22,0.184,1213.8800048828125
2005-06-23,0.16,1200.72998046875
2005-06-24,0.16,1191.5699462890625
2005-06-27,0.168,1190.68994140625
2005-06-28,0.184,1201.5699462890625
2005-06-29,0.184,1199.8499755859375
2005-06-30,0.16,1191.3299560546875
2005-07-01,0.176,1194.43994140625
2005-07-05,0.168,1204.989990234375
2005-07-06,0.168,1194.93994140625
2005-07-07,0.152,1197.8699951171875
2005-07-08,0.152,1211.8599853515625
2005-07-11,0.16,1219.43994140625
2005-07-12,0.152,1222.2099609375
2005-07-13,0.176,1223.2900390625
2005-07-14,0.176,1226.5
2005-07-15,0.16,1227.9200439453125
2005-07-18,0.168,1221.1300048828125
2005-07-19,0.168,1229.3499755859375
2005-07-20,0.184,1235.199951171875
2005-07-21,0.192,1227.0400390625
2005-07-22,0.176,1233.6800537109375
2005-07-25,0.2,1229.030029296875
2005-07-26,0.2,1231.1600341796875
2005-07-27,0.192,1236.7900390625
2005-07-28,0.2,1243.719970703125
2005-07-29,0.2,1234.1800537109375
2005-08-01,0.208,1235.3499755859375
2005-08-02,0.208,1244.1199951171875
2005-08-03,0.184,1245.0400390625
2005-08-04,0.144,1235.8599853515625
2005-08-05,0.112,1226.4200439453125
2005-08-08,0.088,1223.1300048828125
2005-08-09,0.112,1231.3800048828125
2005-08-10,0.16,1229.1300048828125
2005-08-11,0.16,1237.81005859375
2005-08-12,0.144,1230.3900146484375
2005-08-15,0.12,1233.8699951171875
2005-08-16,0.128,1219.3399658203125
2005-08-17,0.112,1220.239990234375
2005-08-18,0.168,1219.02001953125
2005-08-19,0.104,1219.7099609375
2005-08-22,0.136,1221.72998046875
2005-08-23,0.12,1217.5899658203125
2005-08-24,0.128,1209.5899658203125
2005-08-25,0.152,1212.3699951171875
2005-08-26,0.184,1205.0999755859375
2005-08-29,0.16,1212.280029296875
2005-08-30,0.216,1208.4100341796875
2005-08-31,0.192,1220.3299560546875
2005-09-01,0.216,1221.5899658203125
2005-09-02,0.184,1218.02001953125
2005-09-06,0.192,1233.3900146484375
2005-09-07,0.192,1236.3599853515625
2005-09-08,0.176,1231.6700439453125
2005-09-09,0.144,1241.47998046875
2005-09-12,0.176,1240.56005859375
2005-09-13,0.168,1231.199951171875
2005-09-14,0.176,1227.1600341796875
2005-09-15,0.176,1227.72998046875
2005-09-16,0.208,1237.9100341796875
2005-09-19,0.168,1231.02001953125
2005-09-20,0.144,1221.3399658203125
2005-09-21,0.152,1210.199951171875
2005-09-22,0.184,1214.6199951171875
2005-09-23,0.168,1215.2900390625
2005-09-26,0.144,1215.6300048828125
2005-09-27,0.128,1215.6600341796875
2005-09-28,0.216,1216.8900146484375
2005-09-29,0.176,1227.6800537109375
2005-09-30,0.144,1228.81005859375
2005-10-03,0.168,1226.699951171875
2005-10-04,0.112,1214.469970703125
2005-10-05,0.112,1196.3900146484375
2005-10-06,0.152,1191.489990234375
2005-10-07,0.104,1195.9000244140625
2005-10-10,0.104,1187.3299560546875
2005-10-11,0.088,1184.8699951171875
2005-10-12,0.08,1177.6800537109375
2005-10-13,0.048,1176.8399658203125
2005-10-14,0.048,1186.5699462890625
2005-10-17,0.04,1190.0999755859375
2005-10-18,0.024,1178.1400146484375
2005-10-19,0.024,1195.760009765625
2005-10-20,0.032,1177.800048828125
2005-10-21,0.032,1179.5899658203125
2005-10-24,0.016,1199.3800048828125
2005-10-25,0.016,1196.5400390625
2005-10-26,0.008,1191.3800048828125
2005-10-27,0.064,1178.9000244140625
2005-10-28,0.064,1198.4100341796875
2005-10-31,0.048,1207.010009765625
2005-11-01,0.056,1202.760009765625
2005-11-02,0.048,1214.760009765625
2005-11-03,0.056,1219.93994140625
2005-11-04,0.024,1220.1400146484375
2005-11-07,0.064,1222.81005859375
2005-11-08,0.056,1218.5899658203125
2005-11-09,0.032,1220.6500244140625
2005-11-10,0.064,1230.9599609375
2005-11-11,0.048,1234.719970703125
2005-11-14,0.072,1233.760009765625
2005-11-15,0.056,1229.010009765625
2005-11-16,0.048,1231.2099609375
2005-11-17,0.056,1242.800048828125
2005-11-18,0.08,1248.27001953125
2005-11-21,0.056,1254.8499755859375
2005-11-22,0.088,1261.22998046875
2005-11-23,0.08,1265.6099853515625
2005-11-25,0.096,1268.25
2005-11-28,0.064,1257.4599609375
2005-11-29,0.08,1257.47998046875
2005-11-30,0.08,1249.47998046875
2005-12-01,0.088,1264.6700439453125
2005-12-02,0.096,1265.0799560546875
2005-12-05,0.104,1262.0899658203125
2005-12-06,0.12,1263.699951171875
2005-12-07,0.096,1257.3699951171875
2005-12-08,0.112,1255.8399658203125
2005-12-09,0.104,1259.3699951171875
2005-12-12,0.096,1260.4300537109375
2005-12-13,0.136,1267.4300537109375
2005-12-14,0.168,1272.739990234375
2005-12-15,0.264,1270.93994140625
2005-12-16,0.256,1267.3199462890625
2005-12-19,0.264,1259.9200439453125
2005-12-20,0.328,1259.6199951171875
2005-12-21,0.296,1262.7900390625
2005-12-22,0.368,1268.1199951171875
2005-12-23,0.224,1268.6600341796875
2005-12-27,0.328,1256.5400390625
2005-12-28,0.328,1258.1700439453125
2005-12-29,0.312,1254.4200439453125
2005-12-30,0.296,1248.2900390625
2006-01-03,0.304,1268.800048828125
2006-01-04,0.248,1273.4599609375
2006-01-05,0.288,1273.47998046875
2006-01-06,0.288,1285.449951171875
2006-01-09,0.336,1290.1500244140625
2006-01-10,0.4,1289.68994140625
2006-01-11,0.384,1294.1800537109375
2006-01-12,0.392,1286.06005859375
2006-01-13,0.36,1287.6099853515625
2006-01-17,0.36,1282.9300537109375
2006-01-18,0.312,1277.9300537109375
2006-01-19,0.296,1285.0400390625
2006-01-20,0.328,1261.489990234375
2006-01-23,0.36,1263.8199462890625
2006-01-24,0.344,1266.8599853515625
2006-01-25,0.344,1264.6800537109375
2006-01-26,0.336,1273.8299560546875
2006-01-27,0.4,1283.719970703125
2006-01-30,0.352,1285.18994140625
2006-01-31,0.44,1280.0799560546875
2006-02-01,0.48,1282.4599609375
2006-02-02,0.464,1270.8399658203125
2006-02-03,0.448,1264.030029296875
2006-02-06,0.536,1265.02001953125
2006-02-07,0.592,1254.780029296875
2006-02-08,0.512,1265.6500244140625
2006-02-09,0.448,1263.780029296875
2006-02-10,0.432,1266.989990234375
2006-02-13,0.456,1262.8599853515625
2006-02-14,0.384,1275.530029296875
2006-02-15,0.4,1280.0
2006-02-16,0.392,1289.3800048828125
2006-02-17,0.416,1287.239990234375
2006-02-21,0.336,1283.030029296875
2006-02-22,0.368,1292.6700439453125
2006-02-23,0.392,1287.7900390625
2006-02-24,0.384,1289.4300537109375
2006-02-27,0.296,1294.1199951171875
2006-02-28,0.352,1280.6600341796875
2006-03-01,0.32,1291.239990234375
2006-03-02,0.312,1289.1400146484375
2006-03-03,0.296,1287.22998046875
2006-03-06,0.352,1278.260009765625
2006-03-07,0.352,1275.8800048828125
2006-03-08,0.352,1278.469970703125
2006-03-09,0.336,1272.22998046875
2006-03-10,0.336,1281.4200439453125
2006-03-13,0.32,1284.1300048828125
2006-03-14,0.272,1297.47998046875
2006-03-15,0.32,1303.02001953125
2006-03-16,0.272,1305.3299560546875
2006-03-17,0.304,1307.25
2006-03-20,0.312,1305.0799560546875
2006-03-21,0.272,1297.22998046875
2006-03-22,0.264,1305.0400390625
2006-03-23,0.24,1301.6700439453125
2006-03-24,0.24,1302.949951171875
2006-03-27,0.2,1301.6099853515625
2006-03-28,0.208,1293.22998046875
2006-03-29,0.2,1302.8900146484375
2006-03-30,0.192,1300.25
2006-03-31,0.208,1294.8699951171875
2006-04-03,0.208,1297.81005859375
2006-04-04,0.2,1305.9300537109375
2006-04-05,0.2,1311.56005859375
2006-04-06,0.192,1309.0400390625
2006-04-07,0.192,1295.5
2006-04-10,0.152,1296.6199951171875
2006-04-11,0.112,1286.5699462890625
2006-04-12,0.12,1288.1199951171875
2006-04-13,0.088,1289.1199951171875
2006-04-17,0.072,1285.3299560546875
2006-04-18,0.104,1307.280029296875
2006-04-19,0.064,1309.9300537109375
2006-04-20,0.096,1311.4599609375
2006-04-21,0.096,1311.280029296875
2006-04-24,0.088,1308.1099853515625
2006-04-25,0.088,1301.739990234375
2006-04-26,0.088,1305.4100341796875
2006-04-27,0.096,1309.719970703125
2006-04-28,0.096,1310.6099853515625
2006-05-01,0.112,1305.18994140625
2006-05-02,0.12,1313.2099609375
2006-05-03,0.136,1308.1199951171875
2006-05-04,0.112,1312.25
2006-05-05,0.128,1325.760009765625
2006-05-08,0.136,1324.6600341796875
2006-05-09,0.136,1325.1400146484375
2006-05-10,0.136,1322.8499755859375
2006-05-11,0.12,1305.9200439453125
2006-05-12,0.176,1291.239990234375
2006-05-15,0.208,1294.5
2006-05-16,0.168,1292.0799560546875
2006-05-17,0.144,1270.3199462890625
2006-05-18,0.184,1261.81005859375
2006-05-19,0.184,1267.030029296875
2006-05-22,0.264,1262.0699462890625
2006-05-23,0.256,1256.5799560546875
2006-05-24,0.288,1258.5699462890625
2006-05-25,0.304,1272.8800048828125
2006-05-26,0.32,1280.1600341796875
2006-05-30,0.32,1259.8699951171875
2006-05-31,0.256,1270.0899658203125
2006-06-01,0.272,1285.7099609375
2006-06-02,0.232,1288.219970703125
2006-06-05,0.264,1265.2900390625
2006-06-06,0.232,1263.8499755859375
2006-06-07,0.24,1256.1500244140625
2006-06-08,0.248,1257.9300537109375
2006-06-09,0.272,1252.300048828125
2006-06-12,0.304,1237.43994140625
2006-06-13,0.288,1223.68994140625
2006-06-14,0.24,1230.0400390625
2006-06-15,0.296,1256.1600341796875
2006-06-16,0.336,1251.5400390625
2006-06-19,0.32,1240.1300048828125
2006-06-20,0.264,1240.1199951171875
2006-06-21,0.224,1252.199951171875
2006-06-22,0.24,1245.5999755859375
2006-06-23,0.184,1244.5
2006-06-26,0.176,1250.56005859375
2006-06-27,0.192,1239.199951171875
2006-06-28,0.168,1246.0
2006-06-29,0.2,1272.8699951171875
2006-06-30,0.16,1270.199951171875
2006-07-03,0.152,1280.18994140625
2006-07-05,0.152,1270.9100341796875
2006-07-06,0.176,1274.0799560546875
2006-07-07,0.176,1265.47998046875
2006-07-10,0.208,1267.3399658203125
2006-07-11,0.248,1272.4300537109375
2006-07-12,0.264,1258.5999755859375
2006-07-13,0.264,1242.280029296875
2006-07-14,0.28,1236.199951171875
2006-07-17,0.304,1234.489990234375
2006-07-18,0.272,1236.8599853515625
2006-07-19,0.24,1259.81005859375
2006-07-20,0.264,1249.1300048828125
2006-07-21,0.248,1240.2900390625
2006-07-24,0.256,1260.9100341796875
2006-07-25,0.232,1268.8800048828125
2006-07-26,0.256,1268.4000244140625
2006-07-27,0.232,1263.199951171875
2006-07-28,0.248,1278.550048828125
2006-07-31,0.224,1276.6600341796875
2006-08-01,0.224,1270.9200439453125
2006-08-02,0.232,1277.4100341796875
2006-08-03,0.24,1280.27001953125
2006-08-04,0.224,1279.3599853515625
2006-08-07,0.224,1275.77001953125
2006-08-08,0.208,1271.47998046875
2006-08-09,0.208,1265.949951171875
2006-08-10,0.24,1271.81005859375
2006-08-11,0.192,1266.739990234375
2006-08-14,0.2,1268.2099609375
2006-08-15,0.112,1285.5799560546875
2006-08-16,0.096,1295.4300537109375
2006-08-17,0.064,1297.47998046875
2006-08-18,0.08,1302.300048828125
2006-08-21,0.064,1297.52001953125
2006-08-22,0.064,1298.8199462890625
2006-08-23,0.08,1292.989990234375
2006-08-24,0.032,1296.06005859375
2006-08-25,0.048,1295.0899658203125
2006-08-28,0.064,1301.780029296875
2006-08-29,0.072,1304.280029296875
2006-08-30,0.056,1305.3699951171875
2006-08-31,0.056,1303.8199462890625
2006-09-01,0.064,1311.010009765625
2006-09-05,0.064,1313.25
2006-09-06,0.072,1300.260009765625
2006-09-07,0.12,1294.02001953125
2006-09-08,0.088,1298.9200439453125
2006-09-11,0.056,1299.5400390625
2006-09-12,0.112,1313.0
2006-09-13,0.088,1318.0699462890625
2006-09-14,0.08,1316.280029296875
2006-09-15,0.064,1319.6600341796875
2006-09-18,0.04,1321.1800537109375
2006-09-19,0.072,1317.6400146484375
2006-09-20,0.08,1325.1800537109375
2006-09-21,0.072,1318.030029296875
2006-09-22,0.08,1314.780029296875
2006-09-25,0.08,1326.3699951171875
2006-09-26,0.04,1336.3499755859375
2006-09-27,0.056,1336.5899658203125
2006-09-28,0.088,1338.8800048828125
2006-09-29,0.08,1335.8499755859375
2006-10-02,0.096,1331.3199462890625
2006-10-03,0.12,1334.1099853515625
2006-10-04,0.176,1350.199951171875
2006-10-05,0.144,1353.219970703125
2006-10-06,0.176,1349.5899658203125
2006-10-09,0.192,1350.6600341796875
2006-10-10,0.152,1353.4200439453125
2006-10-11,0.16,1349.949951171875
2006-10-12,0.176,1362.8299560546875
2006-10-13,0.288,1365.6199951171875
2006-10-16,0.328,1369.06005859375
2006-10-17,0.328,1364.050048828125
2006-10-18,0.328,1365.800048828125
2006-10-19,0.336,1366.9599609375
2006-10-20,0.288,1368.5999755859375
2006-10-23,0.376,1377.02001953125
2006-10-24,0.416,1377.3800048828125
2006-10-25,0.472,1382.219970703125
2006-10-26,0.528,1389.0799560546875
2006-10-27,0.552,1377.3399658203125
2006-10-30,0.528,1377.9300537109375
2006-10-31,0.48,1377.93994140625
2006-11-01,0.488,1367.81005859375
2006-11-02,0.496,1367.3399658203125
2006-11-03,0.536,1364.300048828125
2006-11-06,0.576,1379.780029296875
2006-11-07,0.608,1382.8399658203125
2006-11-08,0.664,1385.719970703125
2006-11-09,0.64,1378.3299560546875
2006-11-10,0.664,1380.9000244140625
2006-11-13,0.6,1384.4200439453125
2006-11-14,0.576,1393.219970703125
2006-11-15,0.584,1396.5699462890625
2006-11-16,0.552,1399.760009765625
2006-11-17,0.496,1401.199951171875
2006-11-20,0.504,1400.5
2006-11-21,0.584,1402.81005859375
2006-11-22,0.552,1406.0899658203125
2006-11-24,0.56,1400.949951171875
2006-11-27,0.504,1381.9599609375
2006-11-28,0.528,1386.719970703125
2006-11-29,0.52,1399.47998046875
2006-11-30,0.416,1400.6300048828125
2006-12-01,0.352,1396.7099609375
2006-12-04,0.384,1409.1199951171875
2006-12-05,0.448,1414.760009765625
2006-12-06,0.416,1412.9000244140625
2006-12-07,0.408,1407.2900390625
2006-12-08,0.4,1409.8399658203125
2006-12-11,0.36,1413.0400390625
2006-12-12,0.304,1411.56005859375
2006-12-13,0.32,1413.2099609375
2006-12-14,0.288,1425.489990234375
2006-12-15,0.36,1427.0899658203125
2006-12-18,0.32,1422.47998046875
2006-12-19,0.296,1425.550048828125
2006-12-20,0.336,1423.530029296875
2006-12-21,0.28,1418.300048828125
2006-12-22,0.28,1410.760009765625
2006-12-26,0.24,1416.9000244140625
2006-12-27,0.216,1426.8399658203125
2006-12-28,0.2,1424.72998046875
2006-12-29,0.248,1418.300048828125
2007-01-03,0.304,1416.5999755859375
2007-01-04,0.32,1418.3399658203125
2007-01-05,0.304,1409.7099609375
2007-01-08,0.304,1412.8399658203125
2007-01-09,0.336,1412.1099853515625
2007-01-10,0.4,1414.8499755859375
2007-01-11,0.464,1423.8199462890625
2007-01-12,0.408,1430.72998046875
2007-01-16,0.456,1431.9000244140625
2007-01-17,0.488,1430.6199951171875
2007-01-18,0.448,1426.3699951171875
2007-01-19,0.472,1430.5
2007-01-22,0.48,1422.949951171875
2007-01-23,0.456,1427.989990234375
2007-01-24,0.488,1440.1300048828125
2007-01-25,0.48,1423.9000244140625
2007-01-26,0.408,1422.1800537109375
2007-01-29,0.376,1420.6199951171875
2007-01-30,0.352,1428.8199462890625
2007-01-31,0.336,1438.239990234375
2007-02-01,0.376,1445.93994140625
2007-02-02,0.384,1448.3900146484375
2007-02-05,0.424,1446.989990234375
2007-02-06,0.44,1448.0
2007-02-07,0.384,1450.02001953125
2007-02-08,0.384,1448.31005859375
2007-02-09,0.416,1438.06005859375
2007-02-12,0.384,1433.3699951171875
2007-02-13,0.4,1444.260009765625
2007-02-14,0.416,1455.300048828125
2007-02-15,0.408,1456.81005859375
2007-02-16,0.424,1455.5400390625
2007-02-20,0.392,1459.6800537109375
2007-02-21,0.432,1457.6300048828125
2007-02-22,0.456,1456.3800048828125
2007-02-23,0.464,1451.18994140625
2007-02-26,0.456,1449.3699951171875
2007-02-27,0.488,1399.0400390625
2007-02-28,0.28,1406.8199462890625
2007-03-01,0.304,1403.1700439453125
2007-03-02,0.424,1387.1700439453125
2007-03-05,0.44,1374.1199951171875
2007-03-06,0.4,1395.4100341796875
2007-03-07,0.392,1391.969970703125
2007-03-08,0.424,1401.8900146484375
2007-03-09,0.464,1402.8399658203125
2007-03-12,0.488,1406.5999755859375
2007-03-13,0.456,1377.949951171875
2007-03-14,0.344,1387.1700439453125
2007-03-15,0.28,1392.280029296875
2007-03-16,0.32,1386.949951171875
2007-03-19,0.336,1402.06005859375
2007-03-20,0.36,1410.93994140625
2007-03-21,0.368,1435.0400390625
2007-03-22,0.376,1434.5400390625
2007-03-23,0.336,1436.1099853515625
2007-03-26,0.312,1437.5
2007-03-27,0.368,1428.6099853515625
2007-03-28,0.432,1417.22998046875
2007-03-29,0.432,1422.530029296875
2007-03-30,0.456,1420.8599853515625
2007-04-02,0.376,1424.550048828125
2007-04-03,0.408,1437.77001953125
2007-04-04,0.36,1439.3699951171875
2007-04-05,0.424,1443.760009765625
2007-04-09,0.36,1444.6099853515625
2007-04-10,0.392,1448.3900146484375
2007-04-11,0.368,1438.8699951171875
2007-04-12,0.4,1447.800048828125
2007-04-13,0.488,1452.8499755859375
2007-04-16,0.552,1468.3299560546875
2007-04-17,0.568,1471.47998046875
2007-04-18,0.472,1472.5
2007-04-19,0.552,1470.72998046875
2007-04-20,0.504,1484.3499755859375
2007-04-23,0.552,1480.9300537109375
2007-04-24,0.56,1480.4100341796875
2007-04-25,0.504,1495.4200439453125
2007-04-26,0.512,1494.25
2007-04-27,0.408,1494.0699462890625
2007-04-30,0.376,1482.3699951171875
2007-05-01,0.32,1486.300048828125
2007-05-02,0.312,1495.9200439453125
2007-05-03,0.32,1502.3900146484375
2007-05-04,0.352,1505.6199951171875
2007-05-07,0.344,1509.47998046875
2007-05-08,0.328,1507.719970703125
2007-05-09,0.312,1512.5799560546875
2007-05-10,0.296,1491.469970703125
2007-05-11,0.28,1505.8499755859375
2007-05-14,0.264,1503.1500244140625
2007-05-15,0.272,1501.18994140625
2007-05-16,0.248,1514.1400146484375
2007-05-17,0.264,1512.75
2007-05-18,0.304,1522.75
2007-05-21,0.288,1525.0999755859375
2007-05-22,0.264,1524.1199951171875
2007-05-23,0.256,1522.280029296875
2007-05-24,0.304,1507.510009765625
2007-05-25,0.264,1515.72998046875
2007-05-29,0.28,1518.1099853515625
2007-05-30,0.304,1530.22998046875
2007-05-31,0.312,1530.6199951171875
2007-06-01,0.264,1536.3399658203125
2007-06-04,0.2,1539.1800537109375
2007-06-05,0.208,1530.949951171875
2007-06-06,0.168,1517.3800048828125
2007-06-07,0.136,1490.719970703125
2007-06-08,0.12,1507.6700439453125
2007-06-11,0.12,1509.1199951171875
2007-06-12,0.096,1493.0
2007-06-13,0.128,1515.6700439453125
2007-06-14,0.12,1522.969970703125
2007-06-15,0.104,1532.9100341796875
2007-06-18,0.112,1531.050048828125
2007-06-19,0.096,1533.699951171875
2007-06-20,0.088,1512.8399658203125
2007-06-21,0.08,1522.18994140625
2007-06-22,0.088,1502.56005859375
2007-06-25,0.08,1497.739990234375
2007-06-26,0.08,1492.8900146484375
2007-06-27,0.088,1506.3399658203125
2007-06-28,0.072,1505.7099609375
2007-06-29,0.088,1503.3499755859375
2007-07-02,0.096,1519.4300537109375
2007-07-03,0.08,1524.8699951171875
2007-07-05,0.096,1525.4000244140625
2007-07-06,0.112,1530.43994140625
2007-07-09,0.128,1531.8499755859375
2007-07-10,0.128,1510.1199951171875
2007-07-11,0.144,1518.760009765625
2007-07-12,0.184,1547.699951171875
2007-07-13,0.16,1552.5
2007-07-16,0.16,1549.52001953125
2007-07-17,0.168,1549.3699951171875
2007-07-18,0.176,1546.1700439453125
2007-07-19,0.168,1553.0799560546875
2007-07-20,0.144,1534.0999755859375
2007-07-23,0.16,1541.5699462890625
2007-07-24,0.16,1511.0400390625
2007-07-25,0.176,1518.0899658203125
2007-07-26,0.184,1482.6600341796875
2007-07-27,0.184,1458.949951171875
2007-07-30,0.216,1473.9100341796875
2007-07-31,0.24,1455.27001953125
2007-08-01,0.192,1465.81005859375
2007-08-02,0.168,1472.199951171875
2007-08-03,0.176,1433.06005859375
2007-08-06,0.128,1467.6700439453125
2007-08-07,0.12,1476.7099609375
2007-08-08,0.096,1497.489990234375
2007-08-09,0.088,1453.0899658203125
2007-08-10,0.072,1453.6400146484375
2007-08-13,0.056,1452.9200439453125
2007-08-14,0.032,1426.5400390625
2007-08-15,0.032,1406.699951171875
2007-08-16,0.048,1411.27001953125
2007-08-17,0.04,1445.93994140625
2007-08-20,0.04,1445.550048828125
2007-08-21,0.04,1447.1199951171875
2007-08-22,0.04,1464.0699462890625
2007-08-23,0.008,1462.5
2007-08-24,0.0,1479.3699951171875
2007-08-27,0.008,1466.7900390625
2007-08-28,0.008,1432.3599853515625
2007-08-29,0.016,1463.760009765625
2007-08-30,0.0,1457.6400146484375
2007-08-31,0.0,1473.989990234375
2007-09-04,0.0,1489.4200439453125
2007-09-05,0.0,1472.2900390625
2007-09-06,0.008,1478.550048828125
2007-09-07,0.0,1453.550048828125
2007-09-10,0.0,1451.699951171875
2007-09-11,0.008,1471.489990234375
2007-09-12,0.0,1471.56005859375
2007-09-13,0.008,1483.949951171875
2007-09-14,0.0,1484.25
2007-09-17,0.032,1476.6500244140625
2007-09-18,0.016,1519.780029296875
2007-09-19,0.032,1529.030029296875
2007-09-20,0.0,1518.75
2007-09-21,0.016,1525.75
2007-09-24,0.008,1517.72998046875
2007-09-25,0.024,1517.2099609375
2007-09-26,0.024,1525.4200439453125
2007-09-27,0.04,1531.3800048828125
2007-09-28,0.032,1526.75
2007-10-01,0.04,1547.0400390625
2007-10-02,0.024,1546.6300048828125
2007-10-03,0.024,1539.5899658203125
2007-10-04,0.032,1542.8399658203125
2007-10-05,0.032,1557.5899658203125
2007-10-08,0.04,1552.5799560546875
2007-10-09,0.04,1565.1500244140625
2007-10-10,0.032,1562.469970703125
2007-10-11,0.072,1554.4100341796875
2007-10-12,0.064,1561.800048828125
2007-10-15,0.072,1548.7099609375
2007-10-16,0.096,1538.530029296875
2007-10-17,0.088,1541.239990234375
2007-10-18,0.056,1540.0799560546875
2007-10-19,0.072,1500.6300048828125
2007-10-22,0.056,1506.3299560546875
2007-10-23,0.088,1519.5899658203125
2007-10-24,0.08,1515.8800048828125
2007-10-25,0.088,1514.4000244140625
2007-10-26,0.088,1535.280029296875
2007-10-29,0.064,1540.97998046875
2007-10-30,0.072,1531.02001953125
2007-10-31,0.104,1549.3800048828125
2007-11-01,0.072,1508.43994140625
2007-11-02,0.104,1509.6500244140625
2007-11-05,0.104,1502.1700439453125
2007-11-06,0.12,1520.27001953125
2007-11-07,0.152,1475.6199951171875
2007-11-08,0.136,1474.77001953125
2007-11-09,0.112,1453.699951171875
2007-11-12,0.12,1439.1800537109375
2007-11-13,0.104,1481.050048828125
2007-11-14,0.136,1470.5799560546875
2007-11-15,0.096,1451.1500244140625
2007-11-16,0.12,1458.739990234375
2007-11-19,0.08,1433.27001953125
2007-11-20,0.056,1439.699951171875
2007-11-21,0.056,1416.77001953125
2007-11-23,0.088,1440.699951171875
2007-11-26,0.08,1407.219970703125
2007-11-27,0.112,1428.22998046875
2007-11-28,0.112,1469.02001953125
2007-11-29,0.128,1469.719970703125
2007-11-30,0.144,1481.1400146484375
2007-12-03,0.152,1472.4200439453125
2007-12-04,0.184,1462.7900390625
2007-12-05,0.184,1485.010009765625
2007-12-06,0.232,1507.3399658203125
2007-12-07,0.2,1504.6600341796875
2007-12-10,0.224,1515.9599609375
2007-12-11,0.256,1477.6500244140625
2007-12-12,0.248,1486.5899658203125
2007-12-13,0.272,1488.4100341796875
2007-12-14,0.28,1467.949951171875
2007-12-17,0.272,1445.9000244140625
2007-12-18,0.296,1454.97998046875
2007-12-19,0.28,1453.0
2007-12-20,0.24,1460.1199951171875
2007-12-21,0.208,1484.4599609375
2007-12-24,0.192,1496.449951171875
2007-12-26,0.12,1497.6600341796875
2007-12-27,0.072,1476.27001953125
2007-12-28,0.088,1478.489990234375
2007-12-31,0.096,1468.3599853515625
2008-01-02,0.088,1447.1600341796875
2008-01-03,0.096,1447.1600341796875
2008-01-04,0.112,1411.6300048828125
2008-01-07,0.16,1416.1800537109375
2008-01-08,0.168,1390.18994140625
2008-01-09,0.168,1409.1300048828125
2008-01-10,0.16,1420.3299560546875
2008-01-11,0.2,1401.02001953125
2008-01-14,0.2,1416.25
2008-01-15,0.152,1380.949951171875
2008-01-16,0.128,1373.199951171875
2008-01-17,0.088,1333.25
2008-01-18,0.056,1325.18994140625
2008-01-22,0.048,1310.5
2008-01-23,0.032,1338.5999755859375
2008-01-24,0.04,1352.0699462890625
2008-01-25,0.032,1330.6099853515625
2008-01-28,0.04,1353.9599609375
2008-01-29,0.064,1362.300048828125
2008-01-30,0.04,1355.81005859375
2008-01-31,0.024,1378.550048828125
2008-02-01,0.032,1395.4200439453125
2008-02-04,0.024,1380.8199462890625
2008-02-05,0.056,1336.6400146484375
2008-02-06,0.008,1326.449951171875
2008-02-07,0.024,1336.9100341796875
2008-02-08,0.016,1331.2900390625
2008-02-11,0.016,1339.1300048828125
2008-02-12,0.048,1348.8599853515625
2008-02-13,0.016,1367.2099609375
2008-02-14,0.016,1348.8599853515625
2008-02-15,0.008,1349.989990234375
2008-02-19,0.032,1348.780029296875
2008-02-20,0.032,1360.030029296875
2008-02-21,0.008,1342.530029296875
2008-02-22,0.008,1353.1099853515625
2008-02-25,0.024,1371.800048828125
2008-02-26,0.016,1381.2900390625
2008-02-27,0.024,1380.02001953125
2008-02-28,0.024,1367.6800537109375
2008-02-29,0.016,1330.6300048828125
2008-03-03,0.032,1331.3399658203125
2008-03-04,0.016,1326.75
2008-03-05,0.024,1333.699951171875
2008-03-06,0.032,1304.3399658203125
2008-03-07,0.032,1293.3699951171875
2008-03-10,0.048,1273.3699951171875
2008-03-11,0.04,1320.6500244140625
2008-03-12,0.0,1308.77001953125
2008-03-13,0.0,1315.47998046875
2008-03-14,0.016,1288.1400146484375
2008-03-17,0.0,1276.5999755859375
2008-03-18,0.024,1330.739990234375
2008-03-19,0.016,1298.4200439453125
2008-03-20,0.024,1329.510009765625
2008-03-24,0.0,1349.8800048828125
2008-03-25,0.008,1352.989990234375
2008-03-26,0.032,1341.1300048828125
2008-03-27,0.024,1325.760009765625
2008-03-28,0.008,1315.219970703125
2008-03-31,0.024,1322.699951171875
2008-04-01,0.008,1370.1800537109375
2008-04-02,0.016,1367.530029296875
2008-04-03,0.008,1369.31005859375
2008-04-04,0.032,1370.4000244140625
2008-04-07,0.024,1372.5400390625
2008-04-08,0.016,1365.5400390625
2008-04-09,0.04,1354.489990234375
2008-04-10,0.016,1360.550048828125
2008-04-11,0.032,1332.8299560546875
2008-04-14,0.024,1328.3199462890625
2008-04-15,0.008,1334.4300537109375
2008-04-16,0.04,1364.7099609375
2008-04-17,-0.008,1365.56005859375
2008-04-18,0.0,1390.3299560546875
2008-04-21,0.048,1388.1700439453125
2008-04-22,0.024,1375.93994140625
2008-04-23,0.056,1379.9300537109375
2008-04-24,0.056,1388.8199462890625
2008-04-25,0.072,1397.8399658203125
2008-04-28,0.08,1396.3699951171875
2008-04-29,0.064,1390.93994140625
2008-04-30,0.072,1385.5899658203125
2008-05-01,0.032,1409.3399658203125
2008-05-02,0.048,1413.9000244140625
2008-05-05,0.032,1407.489990234375
2008-05-06,0.064,1418.260009765625
2008-05-07,0.048,1392.5699462890625
2008-05-08,0.024,1397.6800537109375
2008-05-09,0.04,1388.280029296875
2008-05-12,0.072,1403.5799560546875
2008-05-13,0.048,1403.0400390625
2008-05-14,0.0,1408.6600341796875
2008-05-15,0.016,1423.5699462890625
2008-05-16,-0.032,1425.3499755859375
2008-05-19,0.008,1426.6300048828125
2008-05-20,0.008,1413.4000244140625
2008-05-21,-0.016,1390.7099609375
2008-05-22,0.04,1394.3499755859375
2008-05-23,0.024,1375.9300537109375
2008-05-27,0.032,1385.3499755859375
2008-05-28,-0.032,1390.8399658203125
2008-05-29,-0.016,1398.260009765625
2008-05-30,0.048,1400.3800048828125
2008-06-02,0.072,1385.6700439453125
2008-06-03,0.08,1377.6500244140625
2008-06-04,0.072,1377.199951171875
2008-06-05,0.104,1404.050048828125
2008-06-06,0.088,1360.6800537109375
2008-06-09,0.088,1361.760009765625
2008-06-10,0.12,1358.43994140625
2008-06-11,0.104,1335.489990234375
2008-06-12,0.136,1339.8699951171875
2008-06-13,0.136,1360.030029296875
2008-06-16,0.048,1360.1400146484375
2008-06-17,0.032,1350.9300537109375
2008-06-18,-0.024,1337.81005859375
2008-06-19,0.008,1342.8299560546875
2008-06-20,0.0,1317.9300537109375
2008-06-23,-0.024,1318.0
2008-06-24,-0.008,1314.2900390625
2008-06-25,0.0,1321.969970703125
2008-06-26,-0.024,1283.1500244140625
2008-06-27,-0.008,1278.3800048828125
2008-06-30,-0.056,1280.0
2008-07-01,-0.056,1284.9100341796875
2008-07-02,-0.056,1261.52001953125
2008-07-03,-0.032,1262.9000244140625
2008-07-07,-0.056,1252.31005859375
2008-07-08,-0.04,1273.699951171875
2008-07-09,-0.04,1244.68994140625
2008-07-10,-0.032,1253.3900146484375
2008-07-11,0.008,1239.489990234375
2008-07-14,0.032,1228.300048828125
2008-07-15,0.032,1214.9100341796875
2008-07-16,0.008,1245.3599853515625
2008-07-17,-0.064,1260.3199462890625
2008-07-18,-0.12,1260.6800537109375
2008-07-21,-0.088,1260.0
2008-07-22,-0.12,1277.0
2008-07-23,-0.128,1282.18994140625
2008-07-24,-0.088,1252.5400390625
2008-07-25,-0.144,1257.760009765625
2008-07-28,-0.136,1234.3699951171875
2008-07-29,-0.12,1263.199951171875
2008-07-30,-0.152,1284.260009765625
2008-07-31,-0.184,1267.3800048828125
2008-08-01,-0.2,1260.31005859375
2008-08-04,-0.136,1249.010009765625
2008-08-05,-0.16,1284.8800048828125
2008-08-06,-0.152,1289.18994140625
2008-08-07,-0.152,1266.0699462890625
2008-08-08,-0.12,1296.3199462890625
2008-08-11,-0.12,1305.3199462890625
2008-08-12,-0.136,1289.5899658203125
2008-08-13,-0.096,1285.8299560546875
2008-08-14,-0.16,1292.9300537109375
2008-08-15,-0.128,1298.199951171875
2008-08-18,-0.144,1278.5999755859375
2008-08-19,-0.152,1266.68994140625
2008-08-20,-0.128,1274.5400390625
2008-08-21,-0.12,1277.719970703125
2008-08-22,-0.104,1292.199951171875
2008-08-25,-0.136,1266.8399658203125
2008-08-26,-0.144,1271.510009765625
2008-08-27,-0.128,1281.6600341796875
2008-08-28,-0.136,1300.6800537109375
2008-08-29,-0.104,1282.8299560546875
2008-09-02,-0.064,1277.5799560546875
2008-09-03,-0.12,1274.97998046875
2008-09-04,-0.096,1236.8299560546875
2008-09-05,-0.08,1242.31005859375
2008-09-08,-0.064,1267.7900390625
2008-09-09,-0.096,1224.510009765625
2008-09-10,-0.096,1232.0400390625
2008-09-11,-0.112,1249.050048828125
2008-09-12,-0.08,1251.699951171875
2008-09-15,-0.08,1192.699951171875
2008-09-16,-0.08,1213.5999755859375
2008-09-17,-0.08,1156.3900146484375
2008-09-18,-0.072,1206.510009765625
2008-09-19,-0.024,1255.0799560546875
2008-09-22,-0.072,1207.0899658203125
2008-09-23,-0.024,1188.219970703125
2008-09-24,-0.032,1185.8699951171875
2008-09-25,0.0,1209.1800537109375
2008-09-26,-0.008,1213.27001953125
2008-09-29,-0.016,1106.4200439453125
2008-09-30,-0.04,1166.3599853515625
2008-10-01,-0.048,1161.06005859375
2008-10-02,-0.056,1114.280029296875
2008-10-03,-0.024,1099.22998046875
2008-10-06,0.024,1056.8900146484375
2008-10-07,-0.04,996.22998046875
2008-10-08,-0.032,984.9400024414062
2008-10-09,-0.024,909.9199829101562
2008-10-10,0.0,899.219970703125
2008-10-13,0.0,1003.3499755859376
2008-10-14,-0.032,998.010009765625
2008-10-15,-0.04,907.8400268554688
2008-10-16,-0.016,946.4299926757812
2008-10-17,0.008,940.5499877929688
2008-10-20,-0.04,985.4000244140624
2008-10-21,-0.04,955.0499877929688
2008-10-22,-0.032,896.780029296875
2008-10-23,0.008,908.1099853515624
2008-10-24,0.032,876.77001953125
2008-10-27,0.016,848.9199829101562
2008-10-28,0.008,940.510009765625
2008-10-29,0.008,930.0900268554688
2008-10-30,0.0,954.0900268554688
2008-10-31,0.0,968.75
2008-11-03,0.016,966.2999877929688
2008-11-04,-0.016,1005.75
2008-11-05,0.008,952.77001953125
2008-11-06,-0.016,904.8800048828124
2008-11-07,-0.024,930.989990234375
2008-11-10,0.0,919.2100219726562
2008-11-11,0.008,898.9500122070312
2008-11-12,0.008,852.2999877929688
2008-11-13,0.008,911.2899780273438
2008-11-14,0.0,873.2899780273438
2008-11-17,0.0,850.75
2008-11-18,0.016,859.1199951171875
2008-11-19,0.0,806.5800170898438
2008-11-20,0.024,752.4400024414062
2008-11-21,-0.008,800.030029296875
2008-11-24,0.008,851.8099975585938
2008-11-25,0.008,857.3900146484375
2008-11-26,0.0,887.6799926757812
2008-11-28,0.008,896.239990234375
2008-12-01,0.0,816.2100219726562
2008-12-02,0.008,848.8099975585938
2008-12-03,0.0,870.739990234375
2008-12-04,-0.008,845.219970703125
2008-12-05,0.0,876.0700073242188
2008-12-08,0.0,909.7000122070312
2008-12-09,0.0,888.6699829101562
2008-12-10,0.0,899.239990234375
2008-12-11,0.0,873.5900268554688
2008-12-12,0.0,879.72998046875
2008-12-15,0.008,868.5700073242188
2008-12-16,0.0,913.1799926757812
2008-12-17,0.0,904.4199829101562
2008-12-18,0.0,885.280029296875
2008-12-19,0.0,887.8800048828125
2008-12-22,0.0,871.6300048828125
2008-12-23,0.0,863.1599731445312
2008-12-24,-0.008,868.1500244140625
2008-12-26,-0.016,872.7999877929688
2008-12-29,-0.016,869.4199829101562
2008-12-30,-0.016,890.6400146484375
2008-12-31,-0.016,903.25
2009-01-02,-0.016,931.7999877929688
2009-01-05,-0.008,927.4500122070312
2009-01-06,0.0,934.7000122070312
2009-01-07,-0.016,906.6500244140624
2009-01-08,0.0,909.72998046875
2009-01-09,0.016,890.3499755859375
2009-01-12,0.0,870.260009765625
2009-01-13,0.0,871.7899780273438
2009-01-14,0.0,842.6199951171875
2009-01-15,0.008,843.739990234375
2009-01-16,-0.008,850.1199951171875
2009-01-20,-0.008,805.219970703125
2009-01-21,0.008,840.239990234375
2009-01-22,0.0,827.5
2009-01-23,-0.008,831.9500122070312
2009-01-26,-0.016,836.5700073242188
2009-01-27,-0.032,845.7100219726562
2009-01-28,-0.024,874.0900268554688
2009-01-29,-0.016,845.1400146484375
2009-01-30,-0.032,825.8800048828125
2009-02-02,-0.04,825.4400024414062
2009-02-03,-0.048,838.510009765625
2009-02-04,-0.048,832.22998046875
2009-02-05,-0.056,845.8499755859375
2009-02-06,-0.056,868.5999755859375
2009-02-09,-0.056,869.8900146484375
2009-02-10,-0.064,827.1599731445312
2009-02-11,-0.064,833.739990234375
2009-02-12,-0.064,835.1900024414062
2009-02-13,-0.056,826.8400268554688
2009-02-17,-0.064,789.1699829101562
2009-02-18,-0.064,788.4199829101562
2009-02-19,-0.064,778.9400024414062
2009-02-20,-0.048,770.0499877929688
2009-02-23,-0.056,743.3300170898438
2009-02-24,-0.056,773.1400146484375
2009-02-25,-0.048,764.9000244140625
2009-02-26,-0.048,752.8300170898438
2009-02-27,-0.048,735.0900268554688
2009-03-02,-0.056,700.8200073242188
2009-03-03,-0.064,696.3300170898438
2009-03-04,-0.064,712.8699951171875
2009-03-05,-0.12,682.5499877929688
2009-03-06,-0.104,683.3800048828125
2009-03-09,-0.12,676.530029296875
2009-03-10,-0.12,719.5999755859375
2009-03-11,-0.12,721.3599853515625
2009-03-12,-0.12,750.739990234375
2009-03-13,-0.136,756.5499877929688
2009-03-16,-0.136,753.8900146484375
2009-03-17,-0.136,778.1199951171875
2009-03-18,-0.072,794.3499755859375
2009-03-19,-0.072,784.0399780273438
2009-03-20,-0.064,768.5399780273438
2009-03-23,-0.064,822.9199829101562
2009-03-24,-0.072,806.1199951171875
2009-03-25,-0.056,813.8800048828125
2009-03-26,-0.048,832.8599853515625
2009-03-27,-0.04,815.9400024414062
2009-03-30,-0.048,787.530029296875
2009-03-31,-0.064,797.8699951171875
2009-04-01,-0.056,811.0800170898438
2009-04-02,-0.064,834.3800048828125
2009-04-03,-0.048,842.5
2009-04-06,-0.064,835.47998046875
2009-04-07,-0.056,815.5499877929688
2009-04-08,-0.072,825.1599731445312
2009-04-09,-0.056,856.5599975585938
2009-04-13,-0.056,858.72998046875
2009-04-14,-0.064,841.5
2009-04-15,-0.048,852.0599975585938
2009-04-16,-0.056,865.2999877929688
2009-04-17,-0.056,869.5999755859375
2009-04-20,-0.064,832.3900146484375
2009-04-21,-0.064,850.0800170898438
2009-04-22,-0.056,843.5499877929688
2009-04-23,-0.096,851.9199829101562
2009-04-24,-0.072,866.22998046875
2009-04-27,-0.056,857.510009765625
2009-04-28,-0.04,855.1599731445312
2009-04-29,-0.048,873.6400146484375
2009-04-30,-0.064,872.8099975585938
2009-05-01,-0.048,877.52001953125
2009-05-04,-0.056,907.239990234375
2009-05-05,-0.064,903.7999877929688
2009-05-06,-0.048,919.530029296875
2009-05-07,-0.048,907.3900146484376
2009-05-08,-0.04,929.22998046875
2009-05-11,-0.024,909.239990234375
2009-05-12,-0.032,908.3499755859376
2009-05-13,-0.048,883.9199829101562
2009-05-14,-0.04,893.0700073242188
2009-05-15,-0.064,882.8800048828125
2009-05-18,-0.056,909.7100219726562
2009-05-19,-0.048,908.1300048828124
2009-05-20,-0.056,903.469970703125
2009-05-21,-0.048,888.3300170898438
2009-05-22,-0.048,887.0
2009-05-26,-0.048,910.3300170898438
2009-05-27,-0.048,893.0599975585938
2009-05-28,-0.04,906.8300170898438
2009-05-29,-0.04,919.1400146484376
2009-06-01,-0.032,942.8699951171876
2009-06-02,-0.04,944.739990234375
2009-06-03,-0.04,931.760009765625
2009-06-04,-0.048,942.4600219726562
2009-06-05,-0.08,940.0900268554688
2009-06-08,-0.072,939.1400146484376
2009-06-09,-0.088,942.4299926757812
2009-06-10,-0.072,939.1500244140624
2009-06-11,-0.088,944.8900146484376
2009-06-12,-0.072,946.2100219726562
2009-06-15,-0.072,923.719970703125
2009-06-16,-0.08,911.969970703125
2009-06-17,-0.08,910.7100219726562
2009-06-18,-0.072,918.3699951171876
2009-06-19,-0.088,921.22998046875
2009-06-22,-0.08,893.0399780273438
2009-06-23,-0.088,895.0999755859375
2009-06-24,-0.096,900.9400024414062
2009-06-25,-0.104,920.260009765625
2009-06-26,-0.104,918.9000244140624
2009-06-29,-0.096,927.22998046875
2009-06-30,-0.072,919.3200073242188
2009-07-01,-0.088,923.3300170898438
2009-07-02,-0.064,896.4199829101562
2009-07-06,-0.096,898.719970703125
2009-07-07,-0.08,881.030029296875
2009-07-08,-0.064,879.5599975585938
2009-07-09,-0.056,882.6799926757812
2009-07-10,-0.04,879.1300048828125
2009-07-13,-0.048,901.0499877929688
2009-07-14,-0.072,905.8400268554688
2009-07-15,-0.064,932.6799926757812
2009-07-16,-0.032,940.739990234375
2009-07-17,-0.056,940.3800048828124
2009-07-20,-0.048,951.1300048828124
2009-07-21,-0.04,954.5800170898438
2009-07-22,-0.088,954.0700073242188
2009-07-23,-0.056,976.2899780273438
2009-07-24,-0.064,979.260009765625
2009-07-27,-0.064,982.1799926757812
2009-07-28,-0.08,979.6199951171876
2009-07-29,-0.08,975.1500244140624
2009-07-30,-0.072,986.75
2009-07-31,-0.064,987.47998046875
2009-08-03,-0.048,1002.6300048828124
2009-08-04,-0.08,1005.6500244140624
2009-08-05,-0.088,1002.719970703125
2009-08-06,-0.096,997.0800170898438
2009-08-07,-0.08,1010.47998046875
2009-08-10,-0.08,1007.0999755859376
2009-08-11,-0.088,994.3499755859376
2009-08-12,-0.072,1005.8099975585938
2009-08-13,-0.088,1012.72998046875
2009-08-14,-0.056,1004.0900268554688
2009-08-17,-0.072,979.72998046875
2009-08-18,-0.064,989.6699829101562
2009-08-19,-0.08,996.4600219726562
2009-08-20,-0.08,1007.3699951171876
2009-08-21,-0.072,1026.1300048828125
2009-08-24,-0.08,1025.5699462890625
2009-08-25,-0.056,1028.0
2009-08-26,-0.072,1028.1199951171875
2009-08-27,-0.072,1030.97998046875
2009-08-28,-0.08,1028.9300537109375
2009-08-31,-0.08,1020.6199951171876
2009-09-01,-0.048,998.0399780273438
2009-09-02,-0.072,994.75
2009-09-03,-0.048,1003.239990234375
2009-09-04,-0.064,1016.4000244140624
2009-09-08,-0.08,1025.3900146484375
2009-09-09,-0.056,1033.3699951171875
2009-09-10,-0.08,1044.1400146484375
2009-09-11,-0.048,1042.72998046875
2009-09-14,-0.04,1049.3399658203125
2009-09-15,-0.056,1052.6300048828125
2009-09-16,-0.088,1068.760009765625
2009-09-17,-0.096,1065.489990234375
2009-09-18,-0.104,1068.300048828125
2009-09-21,-0.104,1064.6600341796875
2009-09-22,-0.128,1071.6600341796875
2009-09-23,-0.12,1060.8699951171875
2009-09-24,-0.096,1050.780029296875
2009-09-25,-0.088,1044.3800048828125
2009-09-28,-0.096,1062.97998046875
2009-09-29,-0.112,1060.6099853515625
2009-09-30,-0.112,1057.0799560546875
2009-10-01,-0.088,1029.8499755859375
2009-10-02,-0.08,1025.2099609375
2009-10-05,-0.08,1040.4599609375
2009-10-06,-0.08,1054.719970703125
2009-10-07,-0.096,1057.5799560546875
2009-10-08,-0.096,1065.47998046875
2009-10-09,-0.064,1071.489990234375
2009-10-12,-0.072,1076.18994140625
2009-10-13,-0.072,1073.18994140625
2009-10-14,-0.04,1092.02001953125
2009-10-15,-0.048,1096.56005859375
2009-10-16,-0.024,1087.6800537109375
2009-10-19,-0.024,1097.9100341796875
2009-10-20,-0.008,1091.06005859375
2009-10-21,0.008,1081.4000244140625
2009-10-22,-0.016,1092.9100341796875
2009-10-23,0.0,1079.5999755859375
2009-10-26,-0.024,1066.949951171875
2009-10-27,-0.024,1063.4100341796875
2009-10-28,-0.032,1042.6300048828125
2009-10-29,-0.024,1066.1099853515625
2009-10-30,-0.016,1036.18994140625
2009-11-02,-0.016,1042.8800048828125
2009-11-03,-0.024,1045.4100341796875
2009-11-04,-0.008,1046.5
2009-11-05,0.024,1066.6300048828125
2009-11-06,0.048,1069.300048828125
2009-11-09,0.024,1093.0799560546875
2009-11-10,0.0,1093.010009765625
2009-11-11,0.008,1098.510009765625
2009-11-12,0.032,1087.239990234375
2009-11-13,0.032,1093.47998046875
2009-11-16,0.008,1109.300048828125
2009-11-17,0.024,1110.3199462890625
2009-11-18,0.016,1109.800048828125
2009-11-19,-0.024,1094.9000244140625
2009-11-20,0.032,1091.3800048828125
2009-11-23,0.032,1106.239990234375
2009-11-24,0.016,1105.6500244140625
2009-11-25,0.04,1110.6300048828125
2009-11-27,0.04,1091.489990234375
2009-11-30,0.072,1095.6300048828125
2009-12-01,0.104,1108.8599853515625
2009-12-02,0.056,1109.239990234375
2009-12-03,0.032,1099.9200439453125
2009-12-04,0.048,1105.97998046875
2009-12-07,0.032,1103.25
2009-12-08,0.032,1091.93994140625
2009-12-09,0.04,1095.949951171875
2009-12-10,0.024,1102.3499755859375
2009-12-11,0.016,1106.4100341796875
2009-12-14,0.024,1114.1099853515625
2009-12-15,0.008,1107.9300537109375
2009-12-16,0.0,1109.1800537109375
2009-12-17,0.008,1096.0799560546875
2009-12-18,0.024,1102.469970703125
2009-12-21,0.016,1114.050048828125
2009-12-22,0.024,1118.02001953125
2009-12-23,0.0,1120.5899658203125
2009-12-24,0.016,1126.47998046875
2009-12-28,0.032,1127.780029296875
2009-12-29,0.048,1126.199951171875
2009-12-30,0.024,1126.4200439453125
2009-12-31,0.024,1115.0999755859375
2010-01-04,0.024,1132.989990234375
2010-01-05,0.016,1136.52001953125
2010-01-06,0.04,1137.1400146484375
2010-01-07,0.024,1141.68994140625
2010-01-08,0.032,1144.97998046875
2010-01-11,0.024,1146.97998046875
2010-01-12,0.024,1136.219970703125
2010-01-13,0.016,1145.6800537109375
2010-01-14,0.04,1148.4599609375
2010-01-15,0.032,1136.030029296875
2010-01-19,0.056,1150.22998046875
2010-01-20,0.056,1138.0400390625
2010-01-21,0.048,1116.47998046875
2010-01-22,0.056,1091.760009765625
2010-01-25,0.048,1096.780029296875
2010-01-26,0.048,1092.1700439453125
2010-01-27,0.024,1097.5
2010-01-28,0.032,1084.530029296875
2010-01-29,0.048,1073.8699951171875
2010-02-01,-0.008,1089.18994140625
2010-02-02,0.024,1103.3199462890625
2010-02-03,0.04,1097.280029296875
2010-02-04,0.0,1063.1099853515625
2010-02-05,0.024,1066.18994140625
2010-02-08,0.032,1056.739990234375
2010-02-09,0.008,1070.52001953125
2010-02-10,0.032,1068.1300048828125
2010-02-11,-0.008,1078.469970703125
2010-02-12,0.008,1075.510009765625
2010-02-16,0.0,1094.8699951171875
2010-02-17,-0.016,1099.510009765625
2010-02-18,-0.008,1106.75
2010-02-19,-0.024,1109.1700439453125
2010-02-22,-0.016,1108.010009765625
2010-02-23,-0.04,1094.5999755859375
2010-02-24,-0.04,1105.239990234375
2010-02-25,-0.056,1102.93994140625
2010-02-26,-0.056,1104.489990234375
2010-03-01,-0.04,1115.7099609375
2010-03-02,-0.056,1118.31005859375
2010-03-03,-0.08,1118.7900390625
2010-03-04,-0.072,1122.969970703125
2010-03-05,-0.08,1138.699951171875
2010-03-08,-0.096,1138.5
2010-03-09,-0.072,1140.449951171875
2010-03-10,-0.056,1145.6099853515625
2010-03-11,-0.08,1150.239990234375
2010-03-12,-0.072,1149.989990234375
2010-03-15,-0.088,1150.510009765625
2010-03-16,-0.088,1159.4599609375
2010-03-17,-0.104,1166.2099609375
2010-03-18,-0.08,1165.8299560546875
2010-03-19,-0.08,1159.9000244140625
2010-03-22,-0.08,1165.81005859375
2010-03-23,-0.112,1174.1700439453125
2010-03-24,-0.112,1167.719970703125
2010-03-25,-0.072,1165.72998046875
2010-03-26,-0.072,1166.5899658203125
2010-03-29,-0.104,1173.219970703125
2010-03-30,-0.096,1173.27001953125
2010-03-31,-0.104,1169.4300537109375
2010-04-01,-0.088,1178.0999755859375
2010-04-05,-0.088,1187.43994140625
2010-04-06,-0.064,1189.43994140625
2010-04-07,-0.056,1182.449951171875
2010-04-08,-0.024,1186.43994140625
2010-04-09,-0.064,1194.3699951171875
2010-04-12,-0.048,1196.47998046875
2010-04-13,-0.064,1197.300048828125
2010-04-14,-0.096,1210.6500244140625
2010-04-15,-0.056,1211.6700439453125
2010-04-16,-0.04,1192.1300048828125
2010-04-19,-0.096,1197.52001953125
2010-04-20,-0.056,1207.1700439453125
2010-04-21,-0.056,1205.93994140625
2010-04-22,-0.072,1208.6700439453125
2010-04-23,-0.072,1217.280029296875
2010-04-26,-0.024,1212.050048828125
2010-04-27,-0.024,1183.7099609375
2010-04-28,-0.056,1191.3599853515625
2010-04-29,-0.024,1206.780029296875
2010-04-30,-0.016,1186.68994140625
2010-05-03,-0.016,1202.260009765625
2010-05-04,0.0,1173.5999755859375
2010-05-05,-0.04,1165.8699951171875
2010-05-06,-0.008,1128.1500244140625
2010-05-07,0.0,1110.8800048828125
2010-05-10,0.008,1159.72998046875
2010-05-11,-0.024,1155.7900390625
2010-05-12,-0.008,1171.6700439453125
2010-05-13,0.024,1157.43994140625
2010-05-14,0.0,1135.6800537109375
2010-05-17,0.024,1136.93994140625
2010-05-18,0.016,1120.800048828125
2010-05-19,0.048,1115.050048828125
2010-05-20,0.08,1071.5899658203125
2010-05-21,0.016,1087.68994140625
2010-05-24,0.016,1073.6500244140625
2010-05-25,-0.04,1074.030029296875
2010-05-26,-0.056,1067.949951171875
2010-05-27,-0.056,1103.06005859375
2010-05-28,-0.056,1089.4100341796875
2010-06-01,-0.04,1070.7099609375
2010-06-02,-0.064,1098.3800048828125
2010-06-03,-0.04,1102.8299560546875
2010-06-04,-0.04,1064.8800048828125
2010-06-07,-0.032,1050.469970703125
2010-06-08,-0.032,1062.0
2010-06-09,-0.056,1055.68994140625
2010-06-10,-0.056,1086.8399658203125
2010-06-11,-0.032,1091.5999755859375
2010-06-14,-0.04,1089.6300048828125
2010-06-15,-0.032,1115.22998046875
2010-06-16,-0.04,1114.6099853515625
2010-06-17,-0.032,1116.0400390625
2010-06-18,0.008,1117.510009765625
2010-06-21,-0.032,1113.199951171875
2010-06-22,-0.04,1095.31005859375
2010-06-23,-0.04,1092.0400390625
2010-06-24,-0.032,1073.68994140625
2010-06-25,-0.04,1076.760009765625
2010-06-28,-0.032,1074.5699462890625
2010-06-29,-0.024,1041.239990234375
2010-06-30,0.0,1030.7099609375
2010-07-01,-0.032,1027.3699951171875
2010-07-02,-0.008,1022.5800170898438
2010-07-06,-0.04,1028.06005859375
2010-07-07,-0.032,1060.27001953125
2010-07-08,-0.024,1070.25
2010-07-09,-0.024,1077.9599609375
2010-07-12,-0.032,1078.75
2010-07-13,-0.032,1095.3399658203125
2010-07-14,-0.032,1095.1700439453125
2010-07-15,-0.032,1096.47998046875
2010-07-16,-0.016,1064.8800048828125
2010-07-19,-0.016,1071.25
2010-07-20,0.0,1083.47998046875
2010-07-21,-0.024,1069.5899658203125
2010-07-22,-0.008,1093.6700439453125
2010-07-23,-0.016,1102.6600341796875
2010-07-26,-0.016,1115.010009765625
2010-07-27,-0.024,1113.8399658203125
2010-07-28,-0.008,1106.1300048828125
2010-07-29,-0.008,1101.530029296875
2010-07-30,-0.008,1101.5999755859375
2010-08-02,-0.016,1125.8599853515625
2010-08-03,-0.008,1120.4599609375
2010-08-04,0.0,1127.239990234375
2010-08-05,-0.008,1125.81005859375
2010-08-06,-0.008,1121.6400146484375
2010-08-09,0.0,1127.7900390625
2010-08-10,0.0,1121.06005859375
2010-08-11,-0.008,1089.469970703125
2010-08-12,0.024,1083.6099853515625
2010-08-13,0.04,1079.25
2010-08-16,0.04,1079.3800048828125
2010-08-17,0.032,1092.5400390625
2010-08-18,0.024,1094.1600341796875
2010-08-19,0.008,1075.6300048828125
2010-08-20,0.016,1071.68994140625
2010-08-23,0.008,1067.3599853515625
2010-08-24,0.024,1051.8699951171875
2010-08-25,0.032,1055.3299560546875
2010-08-26,0.008,1047.219970703125
2010-08-27,0.056,1064.5899658203125
2010-08-30,0.048,1048.9200439453125
2010-08-31,0.032,1049.3299560546875
2010-09-01,0.056,1080.2900390625
2010-09-02,0.024,1090.0999755859375
2010-09-03,0.008,1104.510009765625
2010-09-07,0.008,1091.8399658203125
2010-09-08,0.024,1098.8699951171875
2010-09-09,0.064,1104.1800537109375
2010-09-10,0.024,1109.550048828125
2010-09-13,0.056,1121.9000244140625
2010-09-14,0.072,1121.0999755859375
2010-09-15,0.04,1125.0699462890625
2010-09-16,0.04,1124.6600341796875
2010-09-17,0.024,1125.5899658203125
2010-09-20,0.024,1142.7099609375
2010-09-21,0.024,1139.780029296875
2010-09-22,0.056,1134.280029296875
2010-09-23,0.056,1124.8299560546875
2010-09-24,0.064,1148.6700439453125
2010-09-27,0.04,1142.1600341796875
2010-09-28,0.056,1147.699951171875
2010-09-29,0.056,1144.72998046875
2010-09-30,0.064,1141.199951171875
2010-10-01,0.064,1146.239990234375
2010-10-04,0.056,1137.030029296875
2010-10-05,0.104,1160.75
2010-10-06,0.088,1159.969970703125
2010-10-07,0.064,1158.06005859375
2010-10-08,0.096,1165.1500244140625
2010-10-11,0.056,1165.3199462890625
2010-10-12,0.048,1169.77001953125
2010-10-13,0.12,1178.0999755859375
2010-10-14,0.136,1173.81005859375
2010-10-15,0.096,1176.18994140625
2010-10-18,0.144,1184.7099609375
2010-10-19,0.08,1165.9000244140625
2010-10-20,0.112,1178.1700439453125
2010-10-21,0.072,1180.260009765625
2010-10-22,0.04,1183.0799560546875
2010-10-25,0.056,1185.6199951171875
2010-10-26,0.032,1185.6400146484375
2010-10-27,0.024,1182.449951171875
2010-10-28,0.088,1183.780029296875
2010-10-29,0.04,1183.260009765625
2010-11-01,0.056,1184.3800048828125
2010-11-02,0.08,1193.5699462890625
2010-11-03,0.096,1197.9599609375
2010-11-04,0.024,1221.06005859375
2010-11-05,0.096,1225.8499755859375
2010-11-08,0.064,1223.25
2010-11-09,0.048,1213.4000244140625
2010-11-10,0.072,1218.7099609375
2010-11-11,0.04,1213.5400390625
2010-11-12,0.064,1199.2099609375
2010-11-15,0.088,1197.75
2010-11-16,0.048,1178.3399658203125
2010-11-17,0.08,1178.5899658203125
2010-11-18,0.024,1196.68994140625
2010-11-19,0.056,1199.72998046875
2010-11-22,0.032,1197.8399658203125
2010-11-23,0.04,1180.72998046875
2010-11-24,0.056,1198.3499755859375
2010-11-26,0.04,1189.4000244140625
2010-11-29,0.032,1187.760009765625
2010-11-30,0.016,1180.550048828125
2010-12-01,0.048,1206.0699462890625
2010-12-02,0.064,1221.530029296875
2010-12-03,0.096,1224.7099609375
2010-12-06,0.04,1223.1199951171875
2010-12-07,0.056,1223.75
2010-12-08,0.016,1228.280029296875
2010-12-09,0.008,1233.0
2010-12-10,-0.008,1240.4000244140625
2010-12-13,0.008,1240.4599609375
2010-12-14,0.016,1241.5899658203125
2010-12-15,0.0,1235.22998046875
2010-12-16,0.008,1242.8699951171875
2010-12-17,0.008,1243.9100341796875
2010-12-20,-0.024,1247.0799560546875
2010-12-21,0.016,1254.5999755859375
2010-12-22,0.008,1258.8399658203125
2010-12-23,0.016,1256.77001953125
2010-12-27,0.032,1257.5400390625
2010-12-28,0.048,1258.510009765625
2010-12-29,0.016,1259.780029296875
2010-12-30,0.056,1257.8800048828125
2010-12-31,0.08,1257.6400146484375
2011-01-03,0.056,1271.8699951171875
2011-01-04,0.088,1270.199951171875
2011-01-05,0.04,1276.56005859375
2011-01-06,0.04,1273.8499755859375
2011-01-07,0.04,1271.5
2011-01-10,0.016,1269.75
2011-01-11,0.072,1274.47998046875
2011-01-12,0.064,1285.9599609375
2011-01-13,0.024,1283.760009765625
2011-01-14,0.08,1293.239990234375
2011-01-18,0.104,1295.02001953125
2011-01-19,0.12,1281.9200439453125
2011-01-20,0.112,1280.260009765625
2011-01-21,0.104,1283.3499755859375
2011-01-24,0.08,1290.8399658203125
2011-01-25,0.104,1291.1800537109375
2011-01-26,0.072,1296.6300048828125
2011-01-27,0.128,1299.5400390625
2011-01-28,0.12,1276.3399658203125
2011-01-31,0.088,1286.1199951171875
2011-02-01,0.104,1307.5899658203125
2011-02-02,0.12,1304.030029296875
2011-02-03,0.128,1307.0999755859375
2011-02-04,0.096,1310.8699951171875
2011-02-07,0.096,1319.050048828125
2011-02-08,0.096,1324.5699462890625
2011-02-09,0.072,1320.8800048828125
2011-02-10,0.072,1321.8699951171875
2011-02-11,0.064,1329.1500244140625
2011-02-14,0.064,1332.3199462890625
2011-02-15,0.064,1328.010009765625
2011-02-16,0.056,1336.3199462890625
2011-02-17,0.032,1340.4300537109375
2011-02-18,0.024,1343.010009765625
2011-02-22,0.032,1315.43994140625
2011-02-23,0.048,1307.4000244140625
2011-02-24,0.008,1306.0999755859375
2011-02-25,0.008,1319.8800048828125
2011-02-28,0.0,1327.219970703125
2011-03-01,0.024,1306.3299560546875
2011-03-02,0.016,1308.43994140625
2011-03-03,0.064,1330.969970703125
2011-03-04,0.032,1321.1500244140625
2011-03-07,-0.016,1310.1300048828125
2011-03-08,0.024,1321.8199462890625
2011-03-09,0.04,1320.02001953125
2011-03-10,0.056,1295.1099853515625
2011-03-11,0.064,1304.280029296875
2011-03-14,0.056,1296.3900146484375
2011-03-15,0.064,1281.8699951171875
2011-03-16,0.04,1256.8800048828125
2011-03-17,0.024,1273.719970703125
2011-03-18,0.0,1279.2099609375
2011-03-21,0.016,1298.3800048828125
2011-03-22,0.008,1293.77001953125
2011-03-23,0.008,1297.5400390625
2011-03-24,-0.056,1309.6600341796875
2011-03-25,-0.032,1313.800048828125
2011-03-28,-0.064,1310.18994140625
2011-03-29,-0.008,1319.43994140625
2011-03-30,-0.048,1328.260009765625
2011-03-31,-0.04,1325.8299560546875
2011-04-01,-0.032,1332.4100341796875
2011-04-04,-0.032,1332.8699951171875
2011-04-05,-0.056,1332.6300048828125
2011-04-06,-0.056,1335.5400390625
2011-04-07,-0.048,1333.510009765625
2011-04-08,-0.04,1328.1700439453125
2011-04-11,-0.024,1324.4599609375
2011-04-12,-0.016,1314.1600341796875
2011-04-13,-0.04,1314.4100341796875
2011-04-14,-0.024,1314.52001953125
2011-04-15,0.0,1319.6800537109375
2011-04-18,0.008,1305.1400146484375
2011-04-19,0.04,1312.6199951171875
2011-04-20,0.032,1330.3599853515625
2011-04-21,0.016,1337.3800048828125
2011-04-25,0.032,1335.25
2011-04-26,0.048,1347.239990234375
2011-04-27,0.112,1355.6600341796875
2011-04-28,0.128,1360.47998046875
2011-04-29,0.12,1363.6099853515625
2011-05-02,0.152,1361.219970703125
2011-05-03,0.16,1356.6199951171875
2011-05-04,0.168,1347.3199462890625
2011-05-05,0.184,1335.0999755859375
2011-05-06,0.2,1340.199951171875
2011-05-09,0.176,1346.2900390625
2011-05-10,0.224,1357.1600341796875
2011-05-11,0.16,1342.0799560546875
2011-05-12,0.128,1348.6500244140625
2011-05-13,0.136,1337.77001953125
2011-05-16,0.168,1329.469970703125
2011-05-17,0.216,1328.97998046875
2011-05-18,0.24,1340.6800537109375
2011-05-19,0.224,1343.5999755859375
2011-05-20,0.224,1333.27001953125
2011-05-23,0.216,1317.3699951171875
2011-05-24,0.184,1316.280029296875
2011-05-25,0.104,1320.469970703125
2011-05-26,0.096,1325.68994140625
2011-05-27,0.088,1331.0999755859375
2011-05-31,0.104,1345.199951171875
2011-06-01,0.048,1314.550048828125
2011-06-02,0.016,1312.93994140625
2011-06-03,0.064,1300.1600341796875
2011-06-06,0.088,1286.1700439453125
2011-06-07,0.056,1284.93994140625
2011-06-08,0.072,1279.56005859375
2011-06-09,0.056,1289.0
2011-06-10,0.072,1270.97998046875
2011-06-13,0.096,1271.8299560546875
2011-06-14,0.128,1287.8699951171875
2011-06-15,0.088,1265.4200439453125
2011-06-16,0.056,1267.6400146484375
2011-06-17,0.048,1271.5
2011-06-20,0.048,1278.3599853515625
2011-06-21,0.056,1295.52001953125
2011-06-22,0.048,1287.1400146484375
2011-06-23,0.048,1283.5
2011-06-24,0.016,1268.449951171875
2011-06-27,0.056,1280.0999755859375
2011-06-28,0.072,1296.6700439453125
2011-06-29,0.064,1307.4100341796875
2011-06-30,0.096,1320.6400146484375
2011-07-01,0.104,1339.6700439453125
2011-07-05,0.064,1337.8800048828125
2011-07-06,0.04,1339.219970703125
2011-07-07,0.072,1353.219970703125
2011-07-08,0.064,1343.800048828125
2011-07-11,0.08,1319.489990234375
2011-07-12,0.088,1313.6400146484375
2011-07-13,0.12,1317.719970703125
2011-07-14,0.056,1308.8699951171875
2011-07-15,0.08,1316.1400146484375
2011-07-18,0.096,1305.43994140625
2011-07-19,0.12,1326.72998046875
2011-07-20,0.12,1325.8399658203125
2011-07-21,0.128,1343.800048828125
2011-07-22,0.12,1345.02001953125
2011-07-25,0.12,1337.4300537109375
2011-07-26,0.152,1331.93994140625
2011-07-27,0.136,1304.8900146484375
2011-07-28,0.128,1300.6700439453125
2011-07-29,0.152,1292.280029296875
2011-08-01,0.152,1286.93994140625
2011-08-02,0.176,1254.050048828125
2011-08-03,0.136,1260.3399658203125
2011-08-04,0.12,1200.0699462890625
2011-08-05,0.128,1199.3800048828125
2011-08-08,0.12,1119.4599609375
2011-08-09,0.136,1172.530029296875
2011-08-10,0.168,1120.760009765625
2011-08-11,0.16,1172.6400146484375
2011-08-12,0.16,1178.81005859375
2011-08-15,0.176,1204.489990234375
2011-08-16,0.12,1192.760009765625
2011-08-17,0.112,1193.8900146484375
2011-08-18,0.128,1140.6500244140625
2011-08-19,0.112,1123.530029296875
2011-08-22,0.088,1123.8199462890625
2011-08-23,0.08,1162.3499755859375
2011-08-24,0.04,1177.5999755859375
2011-08-25,0.04,1159.27001953125
2011-08-26,0.04,1176.800048828125
2011-08-29,0.056,1210.0799560546875
2011-08-30,0.016,1212.9200439453125
2011-08-31,0.024,1218.8900146484375
2011-09-01,0.04,1204.4200439453125
2011-09-02,0.008,1173.969970703125
2011-09-06,0.008,1165.239990234375
2011-09-07,0.032,1198.6199951171875
2011-09-08,0.016,1185.9000244140625
2011-09-09,0.0,1154.22998046875
2011-09-12,0.0,1162.27001953125
2011-09-13,0.008,1172.8699951171875
2011-09-14,0.0,1188.6800537109375
2011-09-15,0.008,1209.1099853515625
2011-09-16,0.0,1216.010009765625
2011-09-19,0.0,1204.0899658203125
2011-09-20,0.0,1202.0899658203125
2011-09-21,0.008,1166.760009765625
2011-09-22,0.0,1129.56005859375
2011-09-23,0.0,1136.4300537109375
2011-09-26,0.016,1162.949951171875
2011-09-27,0.0,1175.3800048828125
2011-09-28,0.0,1151.06005859375
2011-09-29,0.0,1160.4000244140625
2011-09-30,0.0,1131.4200439453125
2011-10-03,0.0,1099.22998046875
2011-10-04,0.0,1123.949951171875
2011-10-05,0.0,1144.030029296875
2011-10-06,0.0,1164.969970703125
2011-10-07,0.0,1155.4599609375
2011-10-10,0.0,1194.8900146484375
2011-10-11,0.0,1195.5400390625
2011-10-12,0.0,1207.25
2011-10-13,-0.008,1203.6600341796875
2011-10-14,0.024,1224.5799560546875
2011-10-17,-0.008,1200.8599853515625
2011-10-18,0.008,1225.3800048828125
2011-10-19,0.048,1209.8800048828125
2011-10-20,0.016,1215.3900146484375
2011-10-21,0.008,1238.25
2011-10-24,0.016,1254.18994140625
2011-10-25,0.056,1229.050048828125
2011-10-26,0.056,1242.0
2011-10-27,-0.016,1284.5899658203125
2011-10-28,0.032,1285.0899658203125
2011-10-31,0.032,1253.300048828125
2011-11-01,0.032,1218.280029296875
2011-11-02,0.04,1237.9000244140625
2011-11-03,0.064,1261.1500244140625
2011-11-04,0.04,1253.22998046875
2011-11-07,0.056,1261.1199951171875
2011-11-08,0.064,1275.9200439453125
2011-11-09,0.056,1229.0999755859375
2011-11-10,0.096,1239.699951171875
2011-11-11,0.104,1263.8499755859375
2011-11-14,0.096,1251.780029296875
2011-11-15,0.088,1257.81005859375
2011-11-16,0.12,1236.9100341796875
2011-11-17,0.136,1216.1300048828125
2011-11-18,0.128,1215.6500244140625
2011-11-21,0.128,1192.97998046875
2011-11-22,0.112,1188.0400390625
2011-11-23,0.072,1161.7900390625
2011-11-25,0.144,1158.6700439453125
2011-11-28,0.216,1192.550048828125
2011-11-29,0.192,1195.18994140625
2011-11-30,0.168,1246.9599609375
2011-12-01,0.224,1244.5799560546875
2011-12-02,0.2,1244.280029296875
2011-12-05,0.216,1257.0799560546875
2011-12-06,0.2,1258.469970703125
2011-12-07,0.144,1261.010009765625
2011-12-08,0.136,1234.3499755859375
2011-12-09,0.192,1255.18994140625
2011-12-12,0.152,1236.469970703125
2011-12-13,0.16,1225.72998046875
2011-12-14,0.112,1211.8199462890625
2011-12-15,0.128,1215.75
2011-12-16,0.136,1219.6600341796875
2011-12-19,0.136,1205.3499755859375
2011-12-20,0.096,1241.300048828125
2011-12-21,0.112,1243.719970703125
2011-12-22,0.096,1254.0
2011-12-23,0.128,1265.3299560546875
2011-12-27,0.096,1265.4300537109375
2011-12-28,0.16,1249.6400146484375
2011-12-29,0.136,1263.02001953125
2011-12-30,0.12,1257.5999755859375
2012-01-03,0.152,1277.06005859375
2012-01-04,0.12,1277.300048828125
2012-01-05,0.144,1281.06005859375
2012-01-06,0.104,1277.81005859375
2012-01-09,0.072,1280.699951171875
2012-01-10,0.112,1292.0799560546875
2012-01-11,0.072,1292.47998046875
2012-01-12,0.064,1295.5
2012-01-13,0.032,1289.0899658203125
2012-01-17,0.088,1293.6700439453125
2012-01-18,0.04,1308.0400390625
2012-01-19,0.016,1314.5
2012-01-20,0.104,1315.3800048828125
2012-01-23,0.064,1316.0
2012-01-24,0.048,1314.6500244140625
2012-01-25,0.048,1326.06005859375
2012-01-26,0.064,1318.4300537109375
2012-01-27,0.016,1316.3299560546875
2012-01-30,0.032,1313.010009765625
2012-01-31,0.032,1312.4100341796875
2012-02-01,0.08,1324.0899658203125
2012-02-02,0.04,1325.5400390625
2012-02-03,0.008,1344.9000244140625
2012-02-06,-0.008,1344.3299560546875
2012-02-07,0.008,1347.050048828125
2012-02-08,0.032,1349.9599609375
2012-02-09,0.032,1351.949951171875
2012-02-10,-0.024,1342.6400146484375
2012-02-13,-0.008,1351.77001953125
2012-02-14,-0.032,1350.5
2012-02-15,0.008,1343.22998046875
2012-02-16,-0.008,1358.0400390625
2012-02-17,0.0,1361.22998046875
2012-02-21,-0.04,1362.2099609375
2012-02-22,0.032,1357.6600341796875
2012-02-23,-0.008,1363.4599609375
2012-02-24,0.032,1365.739990234375
2012-02-27,0.04,1367.5899658203125
2012-02-28,0.008,1372.1800537109375
2012-02-29,0.04,1365.6800537109375
2012-03-01,0.064,1374.0899658203125
2012-03-02,0.088,1369.6300048828125
2012-03-05,0.088,1364.3299560546875
2012-03-06,0.112,1343.3599853515625
2012-03-07,0.088,1352.6300048828125
2012-03-08,0.072,1365.9100341796875
2012-03-09,0.056,1370.8699951171875
2012-03-12,0.12,1371.0899658203125
2012-03-13,0.096,1395.949951171875
2012-03-14,0.072,1394.280029296875
2012-03-15,0.072,1402.5999755859375
2012-03-16,0.024,1404.1700439453125
2012-03-19,0.056,1409.75
2012-03-20,0.032,1405.52001953125
2012-03-21,0.016,1402.8900146484375
2012-03-22,0.048,1392.780029296875
2012-03-23,0.056,1397.1099853515625
2012-03-26,0.056,1416.510009765625
2012-03-27,0.048,1412.52001953125
2012-03-28,0.072,1405.5400390625
2012-03-29,0.096,1403.280029296875
2012-03-30,0.104,1408.469970703125
2012-04-02,0.072,1419.0400390625
2012-04-03,0.096,1413.3800048828125
2012-04-04,0.144,1398.9599609375
2012-04-05,0.176,1398.0799560546875
2012-04-09,0.136,1382.199951171875
2012-04-10,0.184,1358.5899658203125
2012-04-11,0.152,1368.7099609375
2012-04-12,0.152,1387.5699462890625
2012-04-13,0.088,1370.260009765625
2012-04-16,0.08,1369.5699462890625
2012-04-17,0.064,1390.780029296875
2012-04-18,0.064,1385.1400146484375
2012-04-19,0.104,1376.9200439453125
2012-04-20,0.096,1378.530029296875
2012-04-23,0.088,1366.93994140625
2012-04-24,0.096,1371.969970703125
2012-04-25,0.112,1390.68994140625
2012-04-26,0.104,1399.97998046875
2012-04-27,0.088,1403.3599853515625
2012-04-30,0.088,1397.9100341796875
2012-05-01,0.112,1405.8199462890625
2012-05-02,0.104,1402.31005859375
2012-05-03,0.104,1391.5699462890625
2012-05-04,0.112,1369.0999755859375
2012-05-07,0.12,1369.5799560546875
2012-05-08,0.096,1363.719970703125
2012-05-09,0.064,1354.5799560546875
2012-05-10,0.048,1357.989990234375
2012-05-11,0.04,1353.3900146484375
2012-05-14,0.032,1338.3499755859375
2012-05-15,0.04,1330.6600341796875
2012-05-16,0.024,1324.800048828125
2012-05-17,0.024,1304.8599853515625
2012-05-18,0.048,1295.219970703125
2012-05-21,0.04,1315.989990234375
2012-05-22,0.04,1316.6300048828125
2012-05-23,0.008,1318.8599853515625
2012-05-24,0.032,1320.6800537109375
2012-05-25,0.016,1317.8199462890625
2012-05-29,0.024,1332.4200439453125
2012-05-30,0.04,1313.3199462890625
2012-05-31,0.04,1310.3299560546875
2012-06-01,0.064,1278.0400390625
2012-06-04,0.048,1278.1800537109375
2012-06-05,0.056,1285.5
2012-06-06,0.024,1315.1300048828125
2012-06-07,0.024,1314.989990234375
2012-06-08,0.032,1325.6600341796875
2012-06-11,0.056,1308.9300537109375
2012-06-12,0.072,1324.1800537109375
2012-06-13,0.048,1314.8800048828125
2012-06-14,0.048,1329.0999755859375
2012-06-15,0.088,1342.8399658203125
2012-06-18,0.072,1344.780029296875
2012-06-19,0.08,1357.97998046875
2012-06-20,0.064,1355.68994140625
2012-06-21,0.072,1325.510009765625
2012-06-22,0.064,1335.02001953125
2012-06-25,0.08,1313.719970703125
2012-06-26,0.088,1319.989990234375
2012-06-27,0.048,1331.8499755859375
2012-06-28,0.08,1329.0400390625
2012-06-29,0.088,1362.1600341796875
2012-07-02,0.128,1365.510009765625
2012-07-03,0.136,1374.02001953125
2012-07-05,0.176,1367.5799560546875
2012-07-06,0.12,1354.6800537109375
2012-07-09,0.112,1352.4599609375
2012-07-10,0.192,1341.469970703125
2012-07-11,0.168,1341.449951171875
2012-07-12,0.176,1334.760009765625
2012-07-13,0.176,1356.780029296875
2012-07-16,0.176,1353.6400146484375
2012-07-17,0.168,1363.6700439453125
2012-07-18,0.224,1372.780029296875
2012-07-19,0.2,1376.510009765625
2012-07-20,0.184,1362.6600341796875
2012-07-23,0.16,1350.52001953125
2012-07-24,0.168,1338.31005859375
2012-07-25,0.208,1337.8900146484375
2012-07-26,0.208,1360.02001953125
2012-07-27,0.208,1385.969970703125
2012-07-30,0.176,1385.300048828125
2012-07-31,0.224,1379.3199462890625
2012-08-01,0.2,1375.3199462890625
2012-08-02,0.208,1365.0
2012-08-03,0.208,1390.989990234375
2012-08-06,0.224,1394.22998046875
2012-08-07,0.176,1401.3499755859375
2012-08-08,0.224,1402.219970703125
2012-08-09,0.2,1402.800048828125
2012-08-10,0.144,1405.8699951171875
2012-08-13,0.192,1404.1099853515625
2012-08-14,0.216,1403.9300537109375
2012-08-15,0.176,1405.530029296875
2012-08-16,0.208,1415.510009765625
2012-08-17,0.24,1418.1600341796875
2012-08-20,0.248,1418.1300048828125
2012-08-21,0.216,1413.1700439453125
2012-08-22,0.192,1413.489990234375
2012-08-23,0.224,1402.0799560546875
2012-08-24,0.168,1411.1300048828125
2012-08-27,0.2,1410.43994140625
2012-08-28,0.2,1409.300048828125
2012-08-29,0.192,1410.489990234375
2012-08-30,0.2,1399.47998046875
2012-08-31,0.216,1406.5799560546875
2012-09-04,0.184,1404.93994140625
2012-09-05,0.224,1403.43994140625
2012-09-06,0.136,1432.1199951171875
2012-09-07,0.104,1437.9200439453125
2012-09-10,0.104,1429.0799560546875
2012-09-11,0.064,1433.56005859375
2012-09-12,0.12,1436.56005859375
2012-09-13,0.128,1459.989990234375
2012-09-14,0.168,1465.77001953125
2012-09-17,0.136,1461.18994140625
2012-09-18,0.16,1459.3199462890625
2012-09-19,0.192,1461.050048828125
2012-09-20,0.128,1460.260009765625
2012-09-21,0.12,1460.1500244140625
2012-09-24,0.112,1456.8900146484375
2012-09-25,0.08,1441.5899658203125
2012-09-26,0.016,1433.3199462890625
2012-09-27,0.088,1447.1500244140625
2012-09-28,0.136,1440.6700439453125
2012-10-01,0.128,1444.489990234375
2012-10-02,0.056,1445.75
2012-10-03,0.072,1450.989990234375
2012-10-04,0.088,1461.4000244140625
2012-10-05,0.104,1460.9300537109375
2012-10-08,0.12,1455.8800048828125
2012-10-09,0.088,1441.47998046875
2012-10-10,0.08,1432.56005859375
2012-10-11,0.072,1432.8399658203125
2012-10-12,0.096,1428.5899658203125
2012-10-15,0.12,1440.1300048828125
2012-10-16,0.072,1454.9200439453125
2012-10-17,0.056,1460.9100341796875
2012-10-18,0.048,1457.3399658203125
2012-10-19,0.072,1433.18994140625
2012-10-22,0.104,1433.8199462890625
2012-10-23,0.064,1413.1099853515625
2012-10-24,0.032,1408.75
2012-10-25,0.088,1412.969970703125
2012-10-26,0.128,1411.93994140625
2012-10-31,0.072,1412.1600341796875
2012-11-01,0.096,1427.5899658203125
2012-11-02,0.048,1414.199951171875
2012-11-05,0.072,1417.260009765625
2012-11-06,0.088,1428.3900146484375
2012-11-07,0.096,1394.530029296875
2012-11-08,0.104,1377.510009765625
2012-11-09,0.08,1379.8499755859375
2012-11-12,0.112,1380.030029296875
2012-11-13,0.12,1374.530029296875
2012-11-14,0.12,1355.489990234375
2012-11-15,0.128,1353.3299560546875
2012-11-16,0.112,1359.8800048828125
2012-11-19,0.144,1386.8900146484375
2012-11-20,0.16,1387.81005859375
2012-11-21,0.12,1391.030029296875
2012-11-23,0.12,1409.1500244140625
2012-11-26,0.104,1406.2900390625
2012-11-27,0.184,1398.93994140625
2012-11-28,0.136,1409.9300537109375
2012-11-29,0.16,1415.949951171875
2012-11-30,0.16,1416.1800537109375
2012-12-03,0.144,1409.4599609375
2012-12-04,0.2,1407.050048828125
2012-12-05,0.184,1409.280029296875
2012-12-06,0.192,1413.93994140625
2012-12-07,0.12,1418.0699462890625
2012-12-10,0.144,1418.550048828125
2012-12-11,0.16,1427.8399658203125
2012-12-12,0.144,1428.47998046875
2012-12-13,0.168,1419.449951171875
2012-12-14,0.144,1413.5799560546875
2012-12-17,0.168,1430.3599853515625
2012-12-18,0.184,1446.7900390625
2012-12-19,0.216,1435.81005859375
2012-12-20,0.264,1443.68994140625
2012-12-21,0.336,1430.1500244140625
2012-12-24,0.36,1426.6600341796875
2012-12-26,0.344,1419.8299560546875
2012-12-27,0.304,1418.0999755859375
2012-12-28,0.32,1402.4300537109375
2012-12-31,0.376,1426.18994140625
2013-01-02,0.384,1462.4200439453125
2013-01-03,0.304,1459.3699951171875
2013-01-04,0.336,1466.469970703125
2013-01-07,0.304,1461.8900146484375
2013-01-08,0.288,1457.1500244140625
2013-01-09,0.328,1461.02001953125
2013-01-10,0.336,1472.1199951171875
2013-01-11,0.328,1472.050048828125
2013-01-14,0.312,1470.6800537109375
2013-01-15,0.264,1472.3399658203125
2013-01-16,0.336,1472.6300048828125
2013-01-17,0.344,1480.93994140625
2013-01-18,0.272,1485.97998046875
2013-01-22,0.32,1492.56005859375
2013-01-23,0.32,1494.81005859375
2013-01-24,0.352,1494.8199462890625
2013-01-25,0.28,1502.9599609375
2013-01-28,0.288,1500.1800537109375
2013-01-29,0.28,1507.8399658203125
2013-01-30,0.28,1501.9599609375
2013-01-31,0.24,1498.1099853515625
2013-02-01,0.264,1513.1700439453125
2013-02-04,0.224,1495.7099609375
2013-02-05,0.248,1511.2900390625
2013-02-06,0.288,1512.1199951171875
2013-02-07,0.272,1509.3900146484375
2013-02-08,0.336,1517.9300537109375
2013-02-11,0.24,1517.010009765625
2013-02-12,0.28,1519.4300537109375
2013-02-13,0.288,1520.3299560546875
2013-02-14,0.312,1521.3800048828125
2013-02-15,0.32,1519.7900390625
2013-02-19,0.296,1530.93994140625
2013-02-20,0.248,1511.949951171875
2013-02-21,0.28,1502.4200439453125
2013-02-22,0.272,1515.5999755859375
2013-02-25,0.296,1487.8499755859375
2013-02-26,0.256,1496.93994140625
2013-02-27,0.224,1515.989990234375
2013-02-28,0.264,1514.6800537109375
2013-03-01,0.264,1518.199951171875
2013-03-04,0.272,1525.199951171875
2013-03-05,0.272,1539.7900390625
2013-03-06,0.264,1541.4599609375
2013-03-07,0.272,1544.260009765625
2013-03-08,0.248,1551.1800537109375
2013-03-11,0.208,1556.219970703125
2013-03-12,0.224,1552.47998046875
2013-03-13,0.248,1554.52001953125
2013-03-14,0.184,1563.22998046875
2013-03-15,0.192,1560.699951171875
2013-03-18,0.184,1552.0999755859375
2013-03-19,0.192,1548.3399658203125
2013-03-20,0.24,1558.7099609375
2013-03-21,0.24,1545.800048828125
2013-03-22,0.256,1556.8900146484375
2013-03-25,0.272,1551.68994140625
2013-03-26,0.28,1563.77001953125
2013-03-27,0.28,1562.8499755859375
2013-03-28,0.264,1569.18994140625
2013-04-01,0.304,1562.1700439453125
2013-04-02,0.304,1570.25
2013-04-03,0.256,1553.68994140625
2013-04-04,0.208,1559.97998046875
2013-04-05,0.224,1553.280029296875
2013-04-08,0.224,1563.0699462890625
2013-04-09,0.248,1568.6099853515625
2013-04-10,0.224,1587.72998046875
2013-04-11,0.248,1593.3699951171875
2013-04-12,0.28,1588.8499755859375
2013-04-15,0.296,1552.3599853515625
2013-04-16,0.376,1574.5699462890625
2013-04-17,0.368,1552.010009765625
2013-04-18,0.32,1541.6099853515625
2013-04-19,0.336,1555.25
2013-04-22,0.288,1562.5
2013-04-23,0.336,1578.780029296875
2013-04-24,0.344,1578.7900390625
2013-04-25,0.312,1585.1600341796875
2013-04-26,0.28,1582.239990234375
2013-04-29,0.24,1593.6099853515625
2013-04-30,0.24,1597.5699462890625
2013-05-01,0.232,1582.699951171875
2013-05-02,0.272,1597.5899658203125
2013-05-03,0.232,1614.4200439453125
2013-05-06,0.248,1617.5
2013-05-07,0.248,1625.9599609375
2013-05-08,0.28,1632.68994140625
2013-05-09,0.304,1626.6700439453125
2013-05-10,0.288,1633.699951171875
2013-05-13,0.288,1633.77001953125
2013-05-14,0.248,1650.3399658203125
2013-05-15,0.272,1658.780029296875
2013-05-16,0.24,1650.469970703125
2013-05-17,0.232,1667.469970703125
2013-05-20,0.168,1666.2900390625
2013-05-21,0.184,1669.1600341796875
2013-05-22,0.216,1655.3499755859375
2013-05-23,0.24,1650.510009765625
2013-05-24,0.168,1649.5999755859375
2013-05-28,0.168,1660.06005859375
2013-05-29,0.152,1648.3599853515625
2013-05-30,0.12,1654.4100341796875
2013-05-31,0.104,1630.739990234375
2013-06-03,0.136,1640.4200439453125
2013-06-04,0.168,1631.3800048828125
2013-06-05,0.12,1608.9000244140625
2013-06-06,0.112,1622.56005859375
2013-06-07,0.128,1643.3800048828125
2013-06-10,0.12,1642.81005859375
2013-06-11,0.112,1626.1300048828125
2013-06-12,0.128,1612.52001953125
2013-06-13,0.152,1636.3599853515625
2013-06-14,0.176,1626.72998046875
2013-06-17,0.112,1639.0400390625
2013-06-18,0.144,1651.81005859375
2013-06-19,0.16,1628.9300537109375
2013-06-20,0.168,1588.18994140625
2013-06-21,0.112,1592.4300537109375
2013-06-24,0.096,1573.0899658203125
2013-06-25,0.08,1588.030029296875
2013-06-26,0.064,1603.260009765625
2013-06-27,0.08,1613.199951171875
2013-06-28,0.088,1606.280029296875
2013-07-01,0.112,1614.9599609375
2013-07-02,0.104,1614.0799560546875
2013-07-03,0.168,1615.4100341796875
2013-07-05,0.184,1631.8900146484375
2013-07-08,0.144,1640.4599609375
2013-07-09,0.16,1652.3199462890625
2013-07-10,0.12,1652.6199951171875
2013-07-11,0.136,1675.02001953125
2013-07-12,0.152,1680.18994140625
2013-07-15,0.144,1682.5
2013-07-16,0.152,1676.260009765625
2013-07-17,0.128,1680.9100341796875
2013-07-18,0.104,1689.3699951171875
2013-07-19,0.088,1692.0899658203125
2013-07-22,0.064,1695.530029296875
2013-07-23,0.08,1692.3900146484375
2013-07-24,0.048,1685.93994140625
2013-07-25,0.056,1690.25
2013-07-26,0.032,1691.6500244140625
2013-07-29,0.072,1685.3299560546875
2013-07-30,0.072,1685.9599609375
2013-07-31,0.056,1685.72998046875
2013-08-01,0.064,1706.8699951171875
2013-08-02,0.104,1709.6700439453125
2013-08-05,0.096,1707.1400146484375
2013-08-06,0.096,1697.3699951171875
2013-08-07,0.08,1690.9100341796875
2013-08-08,0.12,1697.47998046875
2013-08-09,0.096,1691.4200439453125
2013-08-12,0.128,1689.469970703125
2013-08-13,0.104,1694.1600341796875
2013-08-14,0.112,1685.3900146484375
2013-08-15,0.112,1661.3199462890625
2013-08-16,0.088,1655.8299560546875
2013-08-19,0.104,1646.06005859375
2013-08-20,0.112,1652.3499755859375
2013-08-21,0.104,1642.800048828125
2013-08-22,0.104,1656.9599609375
2013-08-23,0.104,1663.5
2013-08-26,0.088,1656.780029296875
2013-08-27,0.096,1630.47998046875
2013-08-28,0.12,1634.9599609375
2013-08-29,0.088,1638.1700439453125
2013-08-30,0.096,1632.969970703125
2013-09-03,0.072,1639.77001953125
2013-09-04,0.064,1653.0799560546875
2013-09-05,0.072,1655.0799560546875
2013-09-06,0.064,1655.1700439453125
2013-09-09,0.064,1671.7099609375
2013-09-10,0.08,1683.989990234375
2013-09-11,0.088,1689.1300048828125
2013-09-12,0.096,1683.4200439453125
2013-09-13,0.096,1687.989990234375
2013-09-16,0.08,1697.5999755859375
2013-09-17,0.104,1704.760009765625
2013-09-18,0.088,1725.52001953125
2013-09-19,0.112,1722.3399658203125
2013-09-20,0.112,1709.9100341796875
2013-09-23,0.104,1701.8399658203125
2013-09-24,0.112,1697.4200439453125
2013-09-25,0.112,1692.77001953125
2013-09-26,0.104,1698.6700439453125
2013-09-27,0.088,1691.75
2013-09-30,0.08,1681.550048828125
2013-10-01,0.056,1695.0
2013-10-02,0.064,1693.8699951171875
2013-10-03,0.056,1678.6600341796875
2013-10-04,0.032,1690.5
2013-10-07,0.024,1676.1199951171875
2013-10-08,0.032,1655.449951171875
2013-10-09,0.048,1656.4000244140625
2013-10-10,0.048,1692.56005859375
2013-10-11,0.072,1703.199951171875
2013-10-14,0.064,1710.1400146484375
2013-10-15,0.088,1698.06005859375
2013-10-16,0.048,1721.5400390625
2013-10-17,0.024,1733.1500244140625
2013-10-18,0.008,1744.5
2013-10-21,0.024,1744.6600341796875
2013-10-22,0.032,1754.6700439453125
2013-10-23,0.072,1746.3800048828125
2013-10-24,0.128,1752.0699462890625
2013-10-25,0.12,1759.77001953125
2013-10-28,0.144,1762.1099853515625
2013-10-29,0.192,1771.949951171875
2013-10-30,0.184,1763.31005859375
2013-10-31,0.176,1756.5400390625
2013-11-01,0.192,1761.6400146484375
2013-11-04,0.184,1767.9300537109375
2013-11-05,0.192,1762.969970703125
2013-11-06,0.168,1770.489990234375
2013-11-07,0.192,1747.1500244140625
2013-11-08,0.208,1770.6099853515625
2013-11-11,0.216,1771.8900146484375
2013-11-12,0.224,1767.68994140625
2013-11-13,0.216,1782.0
2013-11-14,0.224,1790.6199951171875
2013-11-15,0.264,1798.1800537109375
2013-11-18,0.264,1791.530029296875
2013-11-19,0.296,1787.8699951171875
2013-11-20,0.296,1781.3699951171875
2013-11-21,0.288,1795.8499755859375
2013-11-22,0.304,1804.760009765625
2013-11-25,0.28,1802.47998046875
2013-11-26,0.312,1802.75
2013-11-27,0.336,1807.22998046875
2013-11-29,0.344,1805.81005859375
2013-12-02,0.368,1800.9000244140625
2013-12-03,0.312,1795.1500244140625
2013-12-04,0.312,1792.81005859375
2013-12-05,0.296,1785.030029296875
2013-12-06,0.32,1805.0899658203125
2013-12-09,0.352,1808.3699951171875
2013-12-10,0.368,1802.6199951171875
2013-12-11,0.336,1782.219970703125
2013-12-12,0.296,1775.5
2013-12-13,0.296,1775.3199462890625
2013-12-16,0.304,1786.5400390625
2013-12-17,0.336,1781.0
2013-12-18,0.4,1810.6500244140625
2013-12-19,0.464,1809.5999755859375
2013-12-20,0.432,1818.3199462890625
2013-12-23,0.44,1827.989990234375
2013-12-24,0.416,1833.3199462890625
2013-12-26,0.416,1842.02001953125
2013-12-27,0.464,1841.4000244140625
2013-12-30,0.456,1841.0699462890625
2013-12-31,0.488,1848.3599853515625
2014-01-02,0.496,1831.97998046875
2014-01-03,0.488,1831.3699951171875
2014-01-06,0.464,1826.77001953125
2014-01-07,0.408,1837.8800048828125
2014-01-08,0.408,1837.489990234375
2014-01-09,0.448,1838.1300048828125
2014-01-10,0.44,1842.3699951171875
2014-01-13,0.392,1819.199951171875
2014-01-14,0.368,1838.8800048828125
2014-01-15,0.368,1848.3800048828125
2014-01-16,0.384,1845.8900146484375
2014-01-17,0.384,1838.699951171875
2014-01-21,0.376,1843.800048828125
2014-01-22,0.392,1844.8599853515625
2014-01-23,0.384,1828.4599609375
2014-01-24,0.4,1790.2900390625
2014-01-27,0.392,1781.56005859375
2014-01-28,0.416,1792.5
2014-01-29,0.384,1774.199951171875
2014-01-30,0.416,1794.18994140625
2014-01-31,0.44,1782.5899658203125
2014-02-03,0.496,1741.8900146484375
2014-02-04,0.584,1755.199951171875
2014-02-05,0.592,1751.6400146484375
2014-02-06,0.576,1773.4300537109375
2014-02-07,0.56,1797.02001953125
2014-02-10,0.584,1799.8399658203125
2014-02-11,0.608,1819.75
2014-02-12,0.584,1819.260009765625
2014-02-13,0.608,1829.8299560546875
2014-02-14,0.6,1838.6300048828125
2014-02-18,0.584,1840.760009765625
2014-02-19,0.584,1828.75
2014-02-20,0.56,1839.780029296875
2014-02-21,0.552,1836.25
2014-02-24,0.536,1847.6099853515625
2014-02-25,0.504,1845.1199951171875
2014-02-26,0.488,1845.1600341796875
2014-02-27,0.472,1854.2900390625
2014-02-28,0.496,1859.449951171875
2014-03-03,0.512,1845.72998046875
2014-03-04,0.512,1873.9100341796875
2014-03-05,0.504,1873.81005859375
2014-03-06,0.528,1877.030029296875
2014-03-07,0.512,1878.0400390625
2014-03-10,0.448,1877.1700439453125
2014-03-11,0.448,1867.6300048828125
2014-03-12,0.536,1868.199951171875
2014-03-13,0.512,1846.3399658203125
2014-03-14,0.576,1841.1300048828125
2014-03-17,0.552,1858.8299560546875
2014-03-18,0.592,1872.25
2014-03-19,0.728,1860.77001953125
2014-03-20,0.752,1872.010009765625
2014-03-21,0.712,1866.52001953125
2014-03-24,0.744,1857.43994140625
2014-03-25,0.728,1865.6199951171875
2014-03-26,0.64,1852.56005859375
2014-03-27,0.616,1849.0400390625
2014-03-28,0.624,1857.6199951171875
2014-03-31,0.632,1872.3399658203125
2014-04-01,0.608,1885.52001953125
2014-04-02,0.592,1890.9000244140625
2014-04-03,0.576,1888.77001953125
2014-04-04,0.576,1865.0899658203125
2014-04-07,0.576,1845.0400390625
2014-04-08,0.56,1851.9599609375
2014-04-09,0.6,1872.1800537109375
2014-04-10,0.576,1833.0799560546875
2014-04-11,0.56,1815.68994140625
2014-04-14,0.592,1830.6099853515625
2014-04-15,0.552,1842.97998046875
2014-04-16,0.528,1862.31005859375
2014-04-17,0.528,1864.8499755859375
2014-04-21,0.512,1871.8900146484375
2014-04-22,0.504,1879.550048828125
2014-04-23,0.512,1875.3900146484375
2014-04-24,0.568,1878.6099853515625
2014-04-25,0.528,1863.4000244140625
2014-04-28,0.552,1869.4300537109375
2014-04-29,0.504,1878.3299560546875
2014-04-30,0.496,1883.949951171875
2014-05-01,0.504,1883.6800537109375
2014-05-02,0.448,1881.1400146484375
2014-05-05,0.432,1884.6600341796875
2014-05-06,0.416,1867.719970703125
2014-05-07,0.36,1878.2099609375
2014-05-08,0.368,1875.6300048828125
2014-05-09,0.32,1878.47998046875
2014-05-12,0.272,1896.6500244140625
2014-05-13,0.192,1897.449951171875
2014-05-14,0.208,1888.530029296875
2014-05-15,0.216,1870.8499755859375
2014-05-16,0.248,1877.8599853515625
2014-05-19,0.256,1885.0799560546875
2014-05-20,0.304,1872.8299560546875
2014-05-21,0.28,1888.030029296875
2014-05-22,0.24,1892.489990234375
2014-05-23,0.248,1900.530029296875
2014-05-27,0.2,1911.9100341796875
2014-05-28,0.24,1909.780029296875
2014-05-29,0.168,1920.030029296875
2014-05-30,0.144,1923.5699462890625
2014-06-02,0.152,1924.969970703125
2014-06-03,0.216,1924.239990234375
2014-06-04,0.16,1927.8800048828125
2014-06-05,0.144,1940.4599609375
2014-06-06,0.128,1949.43994140625
2014-06-09,0.136,1951.27001953125
2014-06-10,0.128,1950.7900390625
2014-06-11,0.096,1943.8900146484375
2014-06-12,0.136,1930.1099853515625
2014-06-13,0.128,1936.1600341796875
2014-06-16,0.12,1937.780029296875
2014-06-17,0.128,1941.989990234375
2014-06-18,0.096,1956.97998046875
2014-06-19,0.12,1959.47998046875
2014-06-20,0.096,1962.8699951171875
2014-06-23,0.112,1962.6099853515625
2014-06-24,0.112,1949.97998046875
2014-06-25,0.112,1959.530029296875
2014-06-26,0.112,1957.219970703125
2014-06-27,0.104,1960.9599609375
2014-06-30,0.112,1960.22998046875
2014-07-01,0.128,1973.3199462890625
2014-07-02,0.128,1974.6199951171875
2014-07-03,0.12,1985.43994140625
2014-07-07,0.112,1977.6500244140625
2014-07-08,0.128,1963.7099609375
2014-07-09,0.2,1972.8299560546875
2014-07-10,0.208,1964.6800537109375
2014-07-11,0.152,1967.5699462890625
2014-07-14,0.208,1977.0999755859375
2014-07-15,0.208,1973.280029296875
2014-07-16,0.184,1981.5699462890625
2014-07-17,0.192,1958.1199951171875
2014-07-18,0.2,1978.219970703125
2014-07-21,0.248,1973.6300048828125
2014-07-22,0.248,1983.530029296875
2014-07-23,0.24,1987.010009765625
2014-07-24,0.2,1987.97998046875
2014-07-25,0.24,1978.3399658203125
2014-07-28,0.272,1978.9100341796875
2014-07-29,0.256,1969.949951171875
2014-07-30,0.28,1970.0699462890625
2014-07-31,0.272,1930.6700439453125
2014-08-01,0.328,1925.1500244140625
2014-08-04,0.344,1938.989990234375
2014-08-05,0.36,1920.2099609375
2014-08-06,0.352,1920.239990234375
2014-08-07,0.32,1909.5699462890625
2014-08-08,0.288,1931.5899658203125
2014-08-11,0.256,1936.9200439453125
2014-08-12,0.224,1933.75
2014-08-13,0.216,1946.719970703125
2014-08-14,0.16,1955.1800537109375
2014-08-15,0.168,1955.06005859375
2014-08-18,0.176,1971.739990234375
2014-08-19,0.192,1981.5999755859375
2014-08-20,0.16,1986.510009765625
2014-08-21,0.168,1992.3699951171875
2014-08-22,0.16,1988.4000244140625
2014-08-25,0.192,1997.9200439453125
2014-08-26,0.184,2000.02001953125
2014-08-27,0.168,2000.1199951171875
2014-08-28,0.216,1996.739990234375
2014-08-29,0.232,2003.3699951171875
2014-09-02,0.256,2002.280029296875
2014-09-03,0.224,2000.719970703125
2014-09-04,0.296,1997.6500244140625
2014-09-05,0.328,2007.7099609375
2014-09-08,0.32,2001.5400390625
2014-09-09,0.32,1988.43994140625
2014-09-10,0.296,1995.68994140625
2014-09-11,0.32,1997.449951171875
2014-09-12,0.352,1985.5400390625
2014-09-15,0.296,1984.1300048828125
2014-09-16,0.368,1998.97998046875
2014-09-17,0.416,2001.5699462890625
2014-09-18,0.424,2011.3599853515625
2014-09-19,0.448,2010.4000244140625
2014-09-22,0.44,1994.2900390625
2014-09-23,0.432,1982.77001953125
2014-09-24,0.416,1998.300048828125
2014-09-25,0.384,1965.989990234375
2014-09-26,0.344,1982.8499755859375
2014-09-29,0.352,1977.800048828125
2014-09-30,0.304,1972.2900390625
2014-10-01,0.296,1946.1600341796875
2014-10-02,0.28,1946.1700439453125
2014-10-03,0.28,1967.9000244140625
2014-10-06,0.264,1964.8199462890625
2014-10-07,0.264,1935.0999755859375
2014-10-08,0.248,1968.8900146484375
2014-10-09,0.288,1928.2099609375
2014-10-10,0.272,1906.1300048828125
2014-10-13,0.24,1874.739990234375
2014-10-14,0.256,1877.699951171875
2014-10-15,0.192,1862.489990234375
2014-10-16,0.128,1862.760009765625
2014-10-17,0.112,1886.760009765625
2014-10-20,0.096,1904.010009765625
2014-10-21,0.08,1941.280029296875
2014-10-22,0.056,1927.1099853515625
2014-10-23,0.064,1950.8199462890625
2014-10-24,0.056,1964.5799560546875
2014-10-27,0.056,1961.6300048828125
2014-10-28,0.048,1985.050048828125
2014-10-29,0.048,1982.300048828125
2014-10-30,0.048,1994.6500244140625
2014-10-31,0.04,2018.050048828125
2014-11-03,0.04,2017.81005859375
2014-11-04,0.064,2012.0999755859375
2014-11-05,0.048,2023.5699462890625
2014-11-06,0.08,2031.2099609375
2014-11-07,0.056,2031.9200439453125
2014-11-10,0.056,2038.260009765625
2014-11-11,0.064,2039.6800537109375
2014-11-12,0.096,2038.25
2014-11-13,0.072,2039.3299560546875
2014-11-14,0.072,2039.8199462890625
2014-11-17,0.08,2041.3199462890625
2014-11-18,0.072,2051.800048828125
2014-11-19,0.088,2048.719970703125
2014-11-20,0.088,2052.75
2014-11-21,0.08,2063.5
2014-11-24,0.112,2069.409912109375
2014-11-25,0.112,2067.030029296875
2014-11-26,0.12,2072.830078125
2014-11-28,0.128,2067.56005859375
2014-12-01,0.136,2053.43994140625
2014-12-02,0.152,2066.550048828125
2014-12-03,0.144,2074.330078125
2014-12-04,0.2,2071.919921875
2014-12-05,0.168,2075.3701171875
2014-12-08,0.168,2060.31005859375
2014-12-09,0.184,2059.820068359375
2014-12-10,0.184,2026.1400146484375
2014-12-11,0.152,2035.3299560546875
2014-12-12,0.184,2002.3299560546875
2014-12-15,0.128,1989.6300048828125
2014-12-16,0.168,1972.739990234375
2014-12-17,0.128,2012.8900146484375
2014-12-18,0.128,2061.22998046875
2014-12-19,0.216,2070.64990234375
2014-12-22,0.208,2078.5400390625
2014-12-23,0.248,2082.169921875
2014-12-24,0.28,2081.8798828125
2014-12-26,0.312,2088.77001953125
2014-12-29,0.304,2090.570068359375
2014-12-30,0.288,2080.35009765625
2014-12-31,0.304,2058.89990234375
2015-01-02,0.304,2058.199951171875
2015-01-05,0.344,2020.5799560546875
2015-01-06,0.36,2002.6099853515625
2015-01-07,0.336,2025.9000244140625
2015-01-08,0.328,2062.139892578125
2015-01-09,0.32,2044.81005859375
2015-01-12,0.272,2028.260009765625
2015-01-13,0.312,2023.030029296875
2015-01-14,0.312,2011.27001953125
2015-01-15,0.336,1992.6700439453125
2015-01-16,0.208,2019.4200439453125
2015-01-20,0.256,2022.550048828125
2015-01-21,0.232,2032.1199951171875
2015-01-22,0.232,2063.14990234375
2015-01-23,0.2,2051.820068359375
2015-01-26,0.128,2057.090087890625
2015-01-27,0.08,2029.550048828125
2015-01-28,0.072,2002.1600341796875
2015-01-29,0.104,2021.25
2015-01-30,0.088,1994.989990234375
2015-02-02,0.08,2020.8499755859375
2015-02-03,0.136,2050.030029296875
2015-02-04,0.088,2041.510009765625
2015-02-05,0.064,2062.52001953125
2015-02-06,0.088,2055.469970703125
2015-02-09,0.04,2046.739990234375
2015-02-10,0.088,2068.590087890625
2015-02-11,0.032,2068.530029296875
2015-02-12,0.04,2088.47998046875
2015-02-13,0.024,2096.989990234375
2015-02-17,0.016,2100.340087890625
2015-02-18,0.032,2099.679931640625
2015-02-19,0.024,2097.449951171875
2015-02-20,0.032,2110.300048828125
2015-02-23,0.056,2109.659912109375
2015-02-24,0.04,2115.47998046875
2015-02-25,0.04,2113.860107421875
2015-02-26,0.04,2110.739990234375
2015-02-27,0.048,2104.5
2015-03-02,0.128,2117.389892578125
2015-03-03,0.152,2107.780029296875
2015-03-04,0.152,2098.530029296875
2015-03-05,0.184,2101.0400390625
2015-03-06,0.192,2071.260009765625
2015-03-09,0.192,2079.429931640625
2015-03-10,0.2,2044.1600341796875
2015-03-11,0.216,2040.239990234375
2015-03-12,0.24,2065.949951171875
2015-03-13,0.232,2053.39990234375
2015-03-16,0.216,2081.18994140625
2015-03-17,0.096,2074.280029296875
2015-03-18,0.152,2099.5
2015-03-19,0.104,2089.27001953125
2015-03-20,0.088,2108.10009765625
2015-03-23,0.08,2104.419921875
2015-03-24,0.12,2091.5
2015-03-25,0.136,2061.050048828125
2015-03-26,0.168,2056.14990234375
2015-03-27,0.168,2061.02001953125
2015-03-30,0.192,2086.239990234375
2015-03-31,0.168,2067.889892578125
2015-04-01,0.168,2059.68994140625
2015-04-02,0.168,2066.9599609375
2015-04-06,0.152,2080.6201171875
2015-04-07,0.232,2076.330078125
2015-04-08,0.208,2081.89990234375
2015-04-09,0.184,2091.179931640625
2015-04-10,0.232,2102.06005859375
2015-04-13,0.192,2092.429931640625
2015-04-14,0.176,2095.840087890625
2015-04-15,0.16,2106.6298828125
2015-04-16,0.168,2104.989990234375
2015-04-17,0.176,2081.179931640625
2015-04-20,0.16,2100.39990234375
2015-04-21,0.16,2097.2900390625
2015-04-22,0.24,2107.9599609375
2015-04-23,0.168,2112.929931640625
2015-04-24,0.144,2117.68994140625
2015-04-27,0.2,2108.919921875
2015-04-28,0.152,2114.760009765625
2015-04-29,0.216,2106.85009765625
2015-04-30,0.248,2085.510009765625
2015-05-01,0.256,2108.2900390625
2015-05-04,0.264,2114.489990234375
2015-05-05,0.24,2089.4599609375
2015-05-06,0.192,2080.14990234375
2015-05-07,0.192,2088.0
2015-05-08,0.24,2116.10009765625
2015-05-11,0.264,2105.330078125
2015-05-12,0.184,2099.1201171875
2015-05-13,0.272,2098.47998046875
2015-05-14,0.208,2121.10009765625
2015-05-15,0.24,2122.72998046875
2015-05-18,0.216,2129.199951171875
2015-05-19,0.24,2127.830078125
2015-05-20,0.232,2125.85009765625
2015-05-21,0.256,2130.820068359375
2015-05-22,0.2,2126.06005859375
2015-05-26,0.248,2104.199951171875
2015-05-27,0.248,2123.47998046875
2015-05-28,0.216,2120.7900390625
2015-05-29,0.2,2107.389892578125
2015-06-01,0.16,2111.72998046875
2015-06-02,0.192,2109.60009765625
2015-06-03,0.184,2114.070068359375
2015-06-04,0.184,2095.840087890625
2015-06-05,0.224,2092.830078125
2015-06-08,0.176,2079.280029296875
2015-06-09,0.152,2080.14990234375
2015-06-10,0.136,2105.199951171875
2015-06-11,0.088,2108.860107421875
2015-06-12,0.048,2094.110107421875
2015-06-15,0.088,2084.429931640625
2015-06-16,0.072,2096.2900390625
2015-06-17,0.072,2100.43994140625
2015-06-18,0.072,2121.239990234375
2015-06-19,0.104,2109.989990234375
2015-06-22,0.128,2122.85009765625
2015-06-23,0.096,2124.199951171875
2015-06-24,0.08,2108.580078125
2015-06-25,0.072,2102.31005859375
2015-06-26,0.104,2101.489990234375
2015-06-29,0.088,2057.639892578125
2015-06-30,0.072,2063.110107421875
2015-07-01,0.064,2077.419921875
2015-07-02,0.072,2076.780029296875
2015-07-06,0.04,2068.760009765625
2015-07-07,0.024,2081.340087890625
2015-07-08,0.048,2046.6800537109375
2015-07-09,0.032,2051.31005859375
2015-07-10,0.024,2076.6201171875
2015-07-13,0.008,2099.60009765625
2015-07-14,0.008,2108.949951171875
2015-07-15,0.008,2107.39990234375
2015-07-16,0.0,2124.2900390625
2015-07-17,0.0,2126.639892578125
2015-07-20,0.016,2128.280029296875
2015-07-21,0.0,2119.2099609375
2015-07-22,0.008,2114.14990234375
2015-07-23,0.016,2102.14990234375
2015-07-24,0.008,2079.64990234375
2015-07-27,0.0,2067.639892578125
2015-07-28,0.0,2093.25
2015-07-29,0.0,2108.570068359375
2015-07-30,0.008,2108.6298828125
2015-07-31,0.0,2103.840087890625
2015-08-03,0.0,2098.0400390625
2015-08-04,0.0,2093.320068359375
2015-08-05,0.008,2099.840087890625
2015-08-06,0.0,2083.56005859375
2015-08-07,0.0,2077.570068359375
2015-08-10,0.016,2104.179931640625
2015-08-11,0.016,2084.070068359375
2015-08-12,0.016,2086.050048828125
2015-08-13,0.0,2083.389892578125
2015-08-14,0.0,2091.5400390625
2015-08-17,0.0,2102.43994140625
2015-08-18,0.0,2096.919921875
2015-08-19,0.0,2079.610107421875
2015-08-20,0.0,2035.72998046875
2015-08-21,0.0,1970.8900146484375
2015-08-24,0.008,1893.2099609375
2015-08-25,0.0,1867.6099853515625
2015-08-26,0.0,1940.510009765625
2015-08-27,0.0,1987.6600341796875
2015-08-28,0.008,1988.8699951171875
2015-08-31,0.0,1972.1800537109375
2015-09-01,0.0,1913.8499755859375
2015-09-02,0.0,1948.8599853515625
2015-09-03,0.008,1951.1300048828125
2015-09-04,0.0,1921.219970703125
2015-09-08,-0.008,1969.4100341796875
2015-09-09,0.016,1942.0400390625
2015-09-10,0.0,1952.2900390625
2015-09-11,0.016,1961.050048828125
2015-09-14,0.008,1953.030029296875
2015-09-15,0.008,1978.0899658203125
2015-09-16,0.0,1995.31005859375
2015-09-17,0.0,1990.199951171875
2015-09-18,0.0,1958.030029296875
2015-09-21,0.016,1966.969970703125
2015-09-22,0.008,1942.739990234375
2015-09-23,0.008,1938.760009765625
2015-09-24,0.016,1932.239990234375
2015-09-25,0.008,1931.3399658203125
2015-09-28,0.008,1881.77001953125
2015-09-29,0.024,1884.0899658203125
2015-09-30,0.008,1920.030029296875
2015-10-01,0.008,1923.8199462890625
2015-10-02,0.024,1951.3599853515625
2015-10-05,0.024,1987.050048828125
2015-10-06,0.032,1979.9200439453125
2015-10-07,0.024,1995.8299560546875
2015-10-08,-0.016,2013.4300537109375
2015-10-09,0.024,2014.8900146484375
2015-10-12,0.008,2017.4599609375
2015-10-13,0.024,2003.68994140625
2015-10-14,0.024,1994.239990234375
2015-10-15,-0.008,2023.8599853515625
2015-10-16,0.016,2033.1099853515625
2015-10-19,0.016,2033.6600341796875
2015-10-20,0.016,2030.77001953125
2015-10-21,0.032,2018.93994140625
2015-10-22,0.016,2052.510009765625
2015-10-23,0.008,2075.14990234375
2015-10-26,0.016,2071.179931640625
2015-10-27,0.024,2065.889892578125
2015-10-28,0.0,2090.35009765625
2015-10-29,0.008,2089.409912109375
2015-10-30,0.024,2079.360107421875
2015-11-02,0.016,2104.050048828125
2015-11-03,0.0,2109.7900390625
2015-11-04,-0.008,2102.31005859375
2015-11-05,0.032,2099.929931640625
2015-11-06,0.064,2099.199951171875
2015-11-09,0.104,2078.580078125
2015-11-10,0.08,2081.719970703125
2015-11-11,0.088,2075.0
2015-11-12,0.08,2045.969970703125
2015-11-13,0.056,2023.0400390625
2015-11-16,0.064,2053.18994140625
2015-11-17,0.024,2050.43994140625
2015-11-18,0.0,2083.580078125
2015-11-19,0.088,2081.239990234375
2015-11-20,0.088,2089.169921875
2015-11-23,0.096,2086.590087890625
2015-11-24,0.064,2089.139892578125
2015-11-25,0.08,2088.8701171875
2015-11-27,0.048,2090.110107421875
2015-11-30,0.088,2080.409912109375
2015-12-01,0.096,2102.6298828125
2015-12-02,0.064,2079.510009765625
2015-12-03,0.048,2049.6201171875
2015-12-04,0.112,2091.68994140625
2015-12-07,0.064,2077.070068359375
2015-12-08,0.08,2063.590087890625
2015-12-09,0.088,2047.6199951171875
2015-12-10,0.08,2052.22998046875
2015-12-11,0.112,2012.3699951171875
2015-12-14,0.064,2021.93994140625
2015-12-15,0.096,2043.4100341796875
2015-12-16,0.104,2073.070068359375
2015-12-17,0.064,2041.8900146484375
2015-12-18,0.08,2005.550048828125
2015-12-21,0.128,2021.1500244140625
2015-12-22,0.12,2038.969970703125
2015-12-23,0.136,2064.2900390625
2015-12-24,0.168,2060.989990234375
2015-12-28,0.192,2056.5
2015-12-29,0.2,2078.360107421875
2015-12-30,0.152,2063.360107421875
2015-12-31,0.216,2043.93994140625
2016-01-04,0.168,2012.6600341796875
2016-01-05,0.184,2016.7099609375
2016-01-06,0.152,1990.260009765625
2016-01-07,0.144,1943.0899658203125
2016-01-08,0.136,1922.030029296875
2016-01-11,0.096,1923.6700439453125
2016-01-12,0.08,1938.6800537109375
2016-01-13,0.128,1890.280029296875
2016-01-14,0.072,1921.8399658203125
2016-01-15,0.096,1880.3299560546875
2016-01-19,0.104,1881.3299560546875
2016-01-20,0.0,1859.3299560546875
2016-01-21,0.016,1868.989990234375
2016-01-22,0.016,1906.9000244140625
2016-01-25,0.0,1877.0799560546875
2016-01-26,0.0,1903.6300048828125
2016-01-27,-0.032,1882.949951171875
2016-01-28,-0.024,1893.3599853515625
2016-01-29,0.0,1940.239990234375
2016-02-01,-0.016,1939.3800048828125
2016-02-02,-0.04,1903.030029296875
2016-02-03,0.0,1912.530029296875
2016-02-04,-0.032,1915.449951171875
2016-02-05,-0.016,1880.050048828125
2016-02-08,-0.008,1853.43994140625
2016-02-09,0.024,1852.2099609375
2016-02-10,0.024,1851.8599853515625
2016-02-11,0.016,1829.0799560546875
2016-02-12,0.008,1864.780029296875
2016-02-16,0.016,1895.5799560546875
2016-02-17,0.008,1926.8199462890625
2016-02-18,0.0,1917.8299560546875
2016-02-19,0.024,1917.780029296875
2016-02-22,0.008,1945.5
2016-02-23,0.032,1921.27001953125
2016-02-24,0.0,1929.800048828125
2016-02-25,-0.04,1951.699951171875
2016-02-26,0.016,1948.050048828125
2016-02-29,-0.064,1932.22998046875
2016-03-01,-0.024,1978.3499755859375
2016-03-02,-0.032,1986.449951171875
2016-03-03,-0.048,1993.4000244140625
2016-03-04,0.0,1999.989990234375
2016-03-07,-0.048,2001.760009765625
2016-03-08,-0.08,1979.260009765625
2016-03-09,-0.024,1989.260009765625
2016-03-10,-0.056,1989.5699462890625
2016-03-11,-0.112,2022.18994140625
2016-03-14,-0.16,2019.6400146484375
2016-03-15,-0.168,2015.9300537109375
2016-03-16,-0.144,2027.219970703125
2016-03-17,-0.16,2040.5899658203125
2016-03-18,-0.096,2049.580078125
2016-03-21,-0.16,2051.60009765625
2016-03-22,-0.048,2049.800048828125
2016-03-23,0.024,2036.7099609375
2016-03-24,-0.016,2035.93994140625
2016-03-28,0.0,2037.050048828125
2016-03-29,-0.008,2055.010009765625
2016-03-30,0.008,2063.949951171875
2016-03-31,0.008,2059.739990234375
2016-04-01,0.024,2072.780029296875
2016-04-04,0.0,2066.1298828125
2016-04-05,0.024,2045.1700439453125
2016-04-06,0.024,2066.659912109375
2016-04-07,0.032,2041.9100341796875
2016-04-08,0.008,2047.5999755859375
2016-04-11,0.016,2041.989990234375
2016-04-12,0.0,2061.719970703125
2016-04-13,0.024,2082.419921875
2016-04-14,0.016,2082.780029296875
2016-04-15,0.016,2080.72998046875
2016-04-18,0.0,2094.340087890625
2016-04-19,0.024,2100.800048828125
2016-04-20,0.032,2102.39990234375
2016-04-21,0.016,2091.47998046875
2016-04-22,0.016,2091.580078125
2016-04-25,0.032,2087.7900390625
2016-04-26,0.032,2091.699951171875
2016-04-27,0.024,2095.14990234375
2016-04-28,0.024,2075.81005859375
2016-04-29,0.016,2065.300048828125
2016-05-02,0.008,2081.429931640625
2016-05-03,-0.008,2063.3701171875
2016-05-04,0.024,2051.1201171875
2016-05-05,0.0,2050.6298828125
2016-05-06,0.008,2057.139892578125
2016-05-09,0.048,2058.68994140625
2016-05-10,0.088,2084.389892578125
2016-05-11,0.104,2064.4599609375
2016-05-12,0.136,2064.110107421875
2016-05-13,0.232,2046.6099853515625
2016-05-16,0.248,2066.659912109375
2016-05-17,0.272,2047.2099609375
2016-05-18,0.264,2047.6300048828125
2016-05-19,0.312,2040.0400390625
2016-05-20,0.336,2052.320068359375
2016-05-23,0.328,2048.0400390625
2016-05-24,0.36,2076.06005859375
2016-05-25,0.32,2090.5400390625
2016-05-26,0.344,2090.10009765625
2016-05-27,0.32,2099.06005859375
2016-05-31,0.32,2096.949951171875
2016-06-01,0.208,2099.330078125
2016-06-02,0.232,2105.260009765625
2016-06-03,0.184,2099.1298828125
2016-06-06,0.152,2109.409912109375
2016-06-07,0.136,2112.1298828125
2016-06-08,0.168,2119.1201171875
2016-06-09,0.16,2115.47998046875
2016-06-10,0.144,2096.070068359375
2016-06-13,0.136,2079.06005859375
2016-06-14,0.144,2075.320068359375
2016-06-15,0.184,2071.5
2016-06-16,0.136,2077.989990234375
2016-06-17,0.288,2071.219970703125
2016-06-20,0.168,2083.25
2016-06-21,0.2,2088.89990234375
2016-06-22,0.12,2085.449951171875
2016-06-23,0.064,2113.320068359375
2016-06-24,0.024,2037.4100341796875
2016-06-27,0.08,2000.5400390625
2016-06-28,0.128,2036.0899658203125
2016-06-29,0.096,2070.77001953125
2016-06-30,0.104,2098.860107421875
2016-07-01,0.048,2102.949951171875
2016-07-05,0.056,2088.550048828125
2016-07-06,0.072,2099.72998046875
2016-07-07,0.024,2097.89990234375
2016-07-08,0.032,2129.89990234375
2016-07-11,-0.008,2137.159912109375
2016-07-12,-0.048,2152.139892578125
2016-07-13,0.0,2152.429931640625
2016-07-14,0.032,2163.75
2016-07-15,0.008,2161.739990234375
2016-07-18,0.016,2166.889892578125
2016-07-19,-0.016,2163.780029296875
2016-07-20,0.024,2173.02001953125
2016-07-21,-0.016,2165.169921875
2016-07-22,-0.024,2175.030029296875
2016-07-25,-0.008,2168.47998046875
2016-07-26,0.008,2169.179931640625
2016-07-27,-0.008,2166.580078125
2016-07-28,0.04,2170.06005859375
2016-07-29,0.04,2173.60009765625
2016-08-01,-0.024,2170.840087890625
2016-08-02,0.0,2157.030029296875
2016-08-03,0.024,2163.7900390625
2016-08-04,0.0,2164.25
2016-08-05,0.048,2182.8701171875
2016-08-08,0.04,2180.889892578125
2016-08-09,0.024,2181.739990234375
2016-08-10,0.024,2175.489990234375
2016-08-11,-0.008,2185.7900390625
2016-08-12,-0.016,2184.050048828125
2016-08-15,-0.008,2190.14990234375
2016-08-16,0.008,2178.14990234375
2016-08-17,0.056,2182.219970703125
2016-08-18,-0.024,2187.02001953125
2016-08-19,0.0,2183.8701171875
2016-08-22,0.008,2182.639892578125
2016-08-23,0.04,2186.89990234375
2016-08-24,0.032,2175.43994140625
2016-08-25,0.024,2172.469970703125
2016-08-26,0.016,2169.0400390625
2016-08-29,-0.008,2180.3798828125
2016-08-30,0.024,2176.1201171875
2016-08-31,0.04,2170.949951171875
2016-09-01,0.04,2170.860107421875
2016-09-02,0.008,2179.97998046875
2016-09-06,-0.024,2186.47998046875
2016-09-07,-0.032,2186.159912109375
2016-09-08,-0.008,2181.300048828125
2016-09-09,-0.048,2127.81005859375
2016-09-12,-0.048,2159.0400390625
2016-09-13,-0.016,2127.02001953125
2016-09-14,-0.016,2125.77001953125
2016-09-15,-0.016,2147.260009765625
2016-09-16,-0.008,2139.159912109375
2016-09-19,-0.016,2139.1201171875
2016-09-20,-0.032,2139.760009765625
2016-09-21,-0.008,2163.1201171875
2016-09-22,-0.016,2177.179931640625
2016-09-23,0.032,2164.68994140625
2016-09-26,-0.024,2146.10009765625
2016-09-27,-0.016,2159.929931640625
2016-09-28,0.056,2171.3701171875
2016-09-29,0.008,2151.1298828125
2016-09-30,0.0,2168.27001953125
2016-10-03,0.008,2161.199951171875
2016-10-04,0.016,2150.489990234375
2016-10-05,0.0,2159.72998046875
2016-10-06,0.024,2160.77001953125
2016-10-07,0.0,2153.739990234375
2016-10-10,0.016,2163.659912109375
2016-10-11,-0.008,2136.72998046875
2016-10-12,0.032,2139.179931640625
2016-10-13,0.008,2132.550048828125
2016-10-14,0.008,2132.97998046875
2016-10-17,-0.016,2126.5
2016-10-18,0.0,2139.60009765625
2016-10-19,0.0,2144.2900390625
2016-10-20,0.008,2141.340087890625
2016-10-21,0.008,2141.159912109375
2016-10-24,0.024,2151.330078125
2016-10-25,0.0,2143.159912109375
2016-10-26,0.056,2139.429931640625
2016-10-27,0.04,2133.0400390625
2016-10-28,0.048,2126.409912109375
2016-10-31,0.064,2126.14990234375
2016-11-01,0.088,2111.719970703125
2016-11-02,0.072,2097.93994140625
2016-11-03,0.064,2088.659912109375
2016-11-04,0.032,2085.179931640625
2016-11-07,0.008,2131.52001953125
2016-11-08,0.056,2139.56005859375
2016-11-09,0.0,2163.260009765625
2016-11-10,0.056,2167.47998046875
2016-11-11,0.04,2164.449951171875
2016-11-14,0.048,2164.199951171875
2016-11-15,0.024,2180.389892578125
2016-11-16,0.04,2176.93994140625
2016-11-17,0.016,2187.1201171875
2016-11-18,0.008,2181.89990234375
2016-11-21,0.04,2198.179931640625
2016-11-22,0.0,2202.93994140625
2016-11-23,0.0,2204.719970703125
2016-11-25,0.016,2213.35009765625
2016-11-28,0.04,2201.719970703125
2016-11-29,0.04,2204.659912109375
2016-11-30,-0.016,2198.81005859375
2016-12-01,0.032,2191.080078125
2016-12-02,0.064,2191.949951171875
2016-12-05,0.064,2204.7099609375
2016-12-06,0.08,2212.22998046875
2016-12-07,0.08,2241.35009765625
2016-12-08,0.016,2246.18994140625
2016-12-09,0.04,2259.530029296875
2016-12-12,0.0,2256.9599609375
2016-12-13,0.048,2271.719970703125
2016-12-14,0.04,2253.280029296875
2016-12-15,0.024,2262.030029296875
2016-12-16,0.064,2258.070068359375
2016-12-19,0.0,2262.530029296875
2016-12-20,0.024,2270.760009765625
2016-12-21,0.048,2265.179931640625
2016-12-22,0.064,2260.9599609375
2016-12-23,0.04,2263.7900390625
2016-12-27,0.008,2268.8798828125
2016-12-28,0.056,2249.919921875
2016-12-29,-0.008,2249.260009765625
2016-12-30,0.032,2238.830078125
2017-01-03,-0.024,2257.830078125
2017-01-04,0.0,2270.75
2017-01-05,0.048,2269.0
2017-01-06,0.032,2276.97998046875
2017-01-09,0.024,2268.89990234375
2017-01-10,0.072,2268.89990234375
2017-01-11,-0.008,2275.320068359375
2017-01-12,0.096,2270.43994140625
2017-01-13,0.048,2274.639892578125
2017-01-17,0.088,2267.889892578125
2017-01-18,0.104,2271.889892578125
2017-01-19,0.128,2263.68994140625
2017-01-20,0.048,2271.31005859375
2017-01-23,0.016,2265.199951171875
2017-01-24,0.096,2280.070068359375
2017-01-25,0.016,2298.3701171875
2017-01-26,0.136,2296.679931640625
2017-01-27,0.096,2294.68994140625
2017-01-30,0.112,2280.89990234375
2017-01-31,0.176,2278.8701171875
2017-02-01,0.136,2279.550048828125
2017-02-02,0.096,2280.85009765625
2017-02-03,0.128,2297.419921875
2017-02-06,0.08,2292.56005859375
2017-02-07,0.152,2293.080078125
2017-02-08,0.12,2294.669921875
2017-02-09,0.136,2307.8701171875
2017-02-10,0.128,2316.10009765625
2017-02-13,0.104,2328.25
2017-02-14,0.112,2337.580078125
2017-02-15,0.08,2349.25
2017-02-16,0.144,2347.219970703125
2017-02-17,0.104,2351.159912109375
2017-02-21,0.056,2365.3798828125
2017-02-22,0.152,2362.820068359375
2017-02-23,0.16,2363.81005859375
2017-02-24,0.12,2367.340087890625
2017-02-27,0.136,2369.75
2017-02-28,0.056,2363.639892578125
2017-03-01,0.08,2395.9599609375
2017-03-02,0.112,2381.919921875
2017-03-03,0.112,2383.1201171875
2017-03-06,0.12,2375.31005859375
2017-03-07,0.096,2368.389892578125
2017-03-08,0.184,2362.97998046875
2017-03-09,0.152,2364.8701171875
2017-03-10,0.152,2372.60009765625
2017-03-13,0.208,2373.469970703125
2017-03-14,0.128,2365.449951171875
2017-03-15,0.128,2385.260009765625
2017-03-16,0.128,2381.3798828125
2017-03-17,0.192,2378.25
2017-03-20,0.176,2373.469970703125
2017-03-21,0.192,2344.02001953125
2017-03-22,0.24,2348.449951171875
2017-03-23,0.232,2345.9599609375
2017-03-24,0.208,2343.97998046875
2017-03-27,0.208,2341.590087890625
2017-03-28,0.168,2358.570068359375
2017-03-29,0.256,2361.1298828125
2017-03-30,0.184,2368.06005859375
2017-03-31,0.2,2362.719970703125
2017-04-03,0.2,2358.840087890625
2017-04-04,0.12,2360.159912109375
2017-04-05,0.12,2352.949951171875
2017-04-06,0.12,2357.489990234375
2017-04-07,0.144,2355.5400390625
2017-04-10,0.12,2357.159912109375
2017-04-11,0.112,2353.780029296875
2017-04-12,0.152,2344.929931640625
2017-04-13,0.072,2328.949951171875
2017-04-17,0.136,2349.010009765625
2017-04-18,0.08,2342.18994140625
2017-04-19,0.144,2338.169921875
2017-04-20,0.088,2355.840087890625
2017-04-21,0.096,2348.68994140625
2017-04-24,0.128,2374.14990234375
2017-04-25,0.088,2388.610107421875
2017-04-26,0.12,2387.449951171875
2017-04-27,0.096,2388.77001953125
2017-04-28,0.12,2384.199951171875
2017-05-01,0.152,2388.330078125
2017-05-02,0.216,2391.169921875
2017-05-03,0.176,2388.1298828125
2017-05-04,0.168,2389.52001953125
2017-05-05,0.168,2399.2900390625
2017-05-08,0.248,2399.3798828125
2017-05-09,0.24,2396.919921875
2017-05-10,0.288,2399.6298828125
2017-05-11,0.256,2394.43994140625
2017-05-12,0.264,2390.89990234375
2017-05-15,0.304,2402.320068359375
2017-05-16,0.272,2400.669921875
2017-05-17,0.328,2357.030029296875
2017-05-18,0.256,2365.719970703125
2017-05-19,0.248,2381.72998046875
2017-05-22,0.288,2394.02001953125
2017-05-23,0.28,2398.419921875
2017-05-24,0.264,2404.389892578125
2017-05-25,0.296,2415.070068359375
2017-05-26,0.32,2415.820068359375
2017-05-30,0.256,2412.909912109375
2017-05-31,0.312,2411.800048828125
2017-06-01,0.36,2430.06005859375
2017-06-02,0.32,2439.070068359375
2017-06-05,0.272,2436.10009765625
2017-06-06,0.248,2429.330078125
2017-06-07,0.232,2433.139892578125
2017-06-08,0.248,2433.7900390625
2017-06-09,0.2,2431.77001953125
2017-06-12,0.248,2429.389892578125
2017-06-13,0.248,2440.35009765625
2017-06-14,0.28,2437.919921875
2017-06-15,0.272,2432.4599609375
2017-06-16,0.232,2433.14990234375
2017-06-19,0.216,2453.4599609375
2017-06-20,0.224,2437.030029296875
2017-06-21,0.272,2435.610107421875
2017-06-22,0.264,2434.5
2017-06-23,0.216,2438.300048828125
2017-06-26,0.256,2439.070068359375
2017-06-27,0.248,2419.3798828125
2017-06-28,0.24,2440.68994140625
2017-06-29,0.216,2419.699951171875
2017-06-30,0.224,2423.409912109375
2017-07-03,0.224,2429.010009765625
2017-07-05,0.232,2432.5400390625
2017-07-06,0.248,2409.75
2017-07-07,0.28,2425.179931640625
2017-07-10,0.248,2427.429931640625
2017-07-11,0.256,2425.530029296875
2017-07-12,0.216,2443.25
2017-07-13,0.248,2447.830078125
2017-07-14,0.256,2459.27001953125
2017-07-17,0.216,2459.139892578125
2017-07-18,0.168,2460.610107421875
2017-07-19,0.192,2473.830078125
2017-07-20,0.16,2473.449951171875
2017-07-21,0.192,2472.5400390625
2017-07-24,0.184,2469.909912109375
2017-07-25,0.192,2477.1298828125
2017-07-26,0.176,2477.830078125
2017-07-27,0.216,2475.419921875
2017-07-28,0.192,2472.10009765625
2017-07-31,0.2,2470.300048828125
2017-08-01,0.216,2476.35009765625
2017-08-02,0.184,2477.570068359375
2017-08-03,0.24,2472.159912109375
2017-08-04,0.2,2476.830078125
2017-08-07,0.216,2480.909912109375
2017-08-08,0.208,2474.919921875
2017-08-09,0.176,2474.02001953125
2017-08-10,0.208,2438.2099609375
2017-08-11,0.192,2441.320068359375
2017-08-14,0.216,2465.840087890625
2017-08-15,0.232,2464.610107421875
2017-08-16,0.2,2468.110107421875
2017-08-17,0.192,2430.010009765625
2017-08-18,0.168,2425.550048828125
2017-08-21,0.144,2428.3701171875
2017-08-22,0.12,2452.510009765625
2017-08-23,0.112,2444.0400390625
2017-08-24,0.072,2438.969970703125
2017-08-25,0.072,2443.050048828125
2017-08-28,0.072,2444.239990234375
2017-08-29,0.032,2446.300048828125
2017-08-30,0.032,2457.590087890625
2017-08-31,0.04,2471.64990234375
2017-09-01,0.032,2476.550048828125
2017-09-05,0.032,2457.85009765625
2017-09-06,0.024,2465.5400390625
2017-09-07,0.024,2465.10009765625
2017-09-08,0.04,2461.429931640625
2017-09-11,0.08,2488.110107421875
2017-09-12,0.088,2496.47998046875
2017-09-13,0.08,2498.3701171875
2017-09-14,0.08,2495.6201171875
2017-09-15,0.072,2500.22998046875
2017-09-18,0.064,2503.8701171875
2017-09-19,0.056,2506.64990234375
2017-09-20,0.048,2508.239990234375
2017-09-21,0.088,2500.60009765625
2017-09-22,0.136,2502.219970703125
2017-09-25,0.192,2496.659912109375
2017-09-26,0.24,2496.840087890625
2017-09-27,0.296,2507.0400390625
2017-09-28,0.296,2510.06005859375
2017-09-29,0.208,2519.360107421875
2017-10-02,0.184,2529.1201171875
2017-10-03,0.224,2534.580078125
2017-10-04,0.224,2537.739990234375
2017-10-05,0.256,2552.070068359375
2017-10-06,0.304,2549.330078125
2017-10-09,0.288,2544.72998046875
2017-10-10,0.328,2550.639892578125
2017-10-11,0.352,2555.239990234375
2017-10-12,0.368,2550.929931640625
2017-10-13,0.432,2553.169921875
2017-10-16,0.416,2557.639892578125
2017-10-17,0.456,2559.360107421875
2017-10-18,0.48,2561.260009765625
2017-10-19,0.472,2562.10009765625
2017-10-20,0.48,2575.2099609375
2017-10-23,0.48,2564.97998046875
2017-10-24,0.504,2569.1298828125
2017-10-25,0.504,2557.14990234375
2017-10-26,0.512,2560.39990234375
2017-10-27,0.512,2581.070068359375
2017-10-30,0.488,2572.830078125
2017-10-31,0.504,2575.260009765625
2017-11-01,0.424,2579.360107421875
2017-11-02,0.448,2579.85009765625
2017-11-03,0.488,2587.840087890625
2017-11-06,0.456,2591.1298828125
2017-11-07,0.48,2590.639892578125
2017-11-08,0.488,2594.3798828125
2017-11-09,0.464,2584.6201171875
2017-11-10,0.4,2582.300048828125
2017-11-13,0.416,2584.840087890625
2017-11-14,0.416,2578.8701171875
2017-11-15,0.392,2564.6201171875
2017-11-16,0.344,2585.639892578125
2017-11-17,0.36,2578.85009765625
2017-11-20,0.352,2582.139892578125
2017-11-21,0.36,2599.030029296875
2017-11-22,0.36,2597.080078125
2017-11-24,0.336,2602.419921875
2017-11-27,0.32,2601.419921875
2017-11-28,0.296,2627.0400390625
2017-11-29,0.296,2626.070068359375
2017-11-30,0.28,2647.580078125
2017-12-01,0.32,2642.219970703125
2017-12-04,0.272,2639.43994140625
2017-12-05,0.272,2629.570068359375
2017-12-06,0.248,2629.27001953125
2017-12-07,0.24,2636.97998046875
2017-12-08,0.216,2651.5
2017-12-11,0.192,2659.989990234375
2017-12-12,0.184,2664.110107421875
2017-12-13,0.192,2662.85009765625
2017-12-14,0.184,2652.010009765625
2017-12-15,0.16,2675.81005859375
2017-12-18,0.16,2690.159912109375
2017-12-19,0.16,2681.469970703125
2017-12-20,0.168,2679.25
2017-12-21,0.176,2684.570068359375
2017-12-22,0.16,2683.340087890625
2017-12-26,0.176,2680.5
2017-12-27,0.16,2682.6201171875
2017-12-28,0.184,2687.5400390625
2017-12-29,0.16,2673.610107421875
2018-01-02,0.136,2695.81005859375
2018-01-03,0.144,2713.06005859375
2018-01-04,0.128,2723.989990234375
2018-01-05,0.104,2743.14990234375
2018-01-08,0.088,2747.7099609375
2018-01-09,0.072,2751.2900390625
2018-01-10,0.104,2748.22998046875
2018-01-11,0.096,2767.56005859375
2018-01-12,0.128,2786.239990234375
2018-01-16,0.176,2776.419921875
2018-01-17,0.16,2802.56005859375
2018-01-18,0.152,2798.030029296875
2018-01-19,0.152,2810.300048828125
2018-01-22,0.192,2832.969970703125
2018-01-23,0.176,2839.1298828125
2018-01-24,0.2,2837.5400390625
2018-01-25,0.24,2839.25
2018-01-26,0.288,2872.8701171875
2018-01-29,0.328,2853.530029296875
2018-01-30,0.312,2822.429931640625
2018-01-31,0.304,2823.81005859375
2018-02-01,0.264,2821.97998046875
2018-02-02,0.296,2762.1298828125
2018-02-05,0.224,2648.93994140625
2018-02-06,0.072,2695.139892578125
2018-02-07,0.088,2681.659912109375
2018-02-08,0.112,2581.0
2018-02-09,0.112,2619.550048828125
2018-02-12,0.096,2656.0
2018-02-13,0.088,2662.93994140625
2018-02-14,0.064,2698.6298828125
2018-02-15,0.032,2731.199951171875
2018-02-16,0.016,2732.219970703125
2018-02-20,0.016,2716.260009765625
2018-02-21,0.0,2701.330078125
2018-02-22,0.0,2703.9599609375
2018-02-23,0.0,2747.300048828125
2018-02-26,0.0,2779.60009765625
2018-02-27,0.0,2744.280029296875
2018-02-28,0.008,2713.830078125
2018-03-01,0.008,2677.669921875
2018-03-02,0.016,2691.25
2018-03-05,0.024,2720.93994140625
2018-03-06,0.0,2728.1201171875
2018-03-07,0.016,2726.800048828125
2018-03-08,0.008,2738.969970703125
2018-03-09,0.008,2786.570068359375
2018-03-12,0.016,2783.02001953125
2018-03-13,0.008,2765.31005859375
2018-03-14,0.016,2749.47998046875
2018-03-15,0.04,2747.330078125
2018-03-16,0.016,2752.010009765625
2018-03-19,0.024,2712.919921875
2018-03-20,0.008,2716.93994140625
2018-03-21,0.04,2711.929931640625
2018-03-22,0.04,2643.68994140625
2018-03-23,0.04,2588.260009765625
2018-03-26,0.032,2658.550048828125
2018-03-27,0.04,2612.6201171875
2018-03-28,0.048,2605.0
2018-03-29,0.04,2640.8701171875
2018-04-02,0.048,2581.8798828125
2018-04-03,0.048,2614.449951171875
2018-04-04,0.04,2644.68994140625
2018-04-05,0.032,2662.840087890625
2018-04-06,0.056,2604.469970703125
2018-04-09,0.04,2613.159912109375
2018-04-10,0.064,2656.8701171875
2018-04-11,0.072,2642.18994140625
2018-04-12,0.096,2663.989990234375
2018-04-13,0.104,2656.300048828125
2018-04-16,0.112,2677.840087890625
2018-04-17,0.128,2706.389892578125
2018-04-18,0.152,2708.639892578125
2018-04-19,0.2,2693.1298828125
2018-04-20,0.2,2670.139892578125
2018-04-23,0.216,2670.2900390625
2018-04-24,0.232,2634.56005859375
2018-04-25,0.248,2639.39990234375
2018-04-26,0.336,2666.93994140625
2018-04-27,0.36,2669.909912109375
2018-04-30,0.336,2648.050048828125
2018-05-01,0.328,2654.800048828125
2018-05-02,0.248,2635.669921875
2018-05-03,0.288,2629.72998046875
2018-05-04,0.248,2663.419921875
2018-05-07,0.248,2672.6298828125
2018-05-08,0.232,2671.919921875
2018-05-09,0.168,2697.7900390625
2018-05-10,0.184,2723.070068359375
2018-05-11,0.16,2727.719970703125
2018-05-14,0.16,2730.1298828125
2018-05-15,0.152,2711.449951171875
2018-05-16,0.16,2722.4599609375
2018-05-17,0.144,2720.1298828125
2018-05-18,0.144,2712.969970703125
2018-05-21,0.16,2733.010009765625
2018-05-22,0.184,2724.43994140625
2018-05-23,0.2,2733.2900390625
2018-05-24,0.168,2727.760009765625
2018-05-25,0.16,2721.330078125
2018-05-29,0.184,2689.860107421875
2018-05-30,0.184,2724.010009765625
2018-05-31,0.224,2705.27001953125
2018-06-01,0.24,2734.6201171875
2018-06-04,0.2,2746.8701171875
2018-06-05,0.224,2748.800048828125
2018-06-06,0.256,2772.35009765625
2018-06-07,0.256,2770.3701171875
2018-06-08,0.224,2779.030029296875
2018-06-11,0.224,2782.0
2018-06-12,0.224,2786.85009765625
2018-06-13,0.208,2775.6298828125
2018-06-14,0.216,2782.489990234375
2018-06-15,0.216,2779.659912109375
2018-06-18,0.232,2773.75
2018-06-19,0.296,2762.590087890625
2018-06-20,0.312,2767.320068359375
2018-06-21,0.312,2749.760009765625
2018-06-22,0.304,2754.8798828125
2018-06-25,0.312,2717.070068359375
2018-06-26,0.312,2723.06005859375
2018-06-27,0.304,2699.6298828125
2018-06-28,0.336,2716.31005859375
2018-06-29,0.312,2718.3701171875
2018-07-02,0.28,2726.7099609375
2018-07-03,0.28,2713.219970703125
2018-07-05,0.296,2736.610107421875
2018-07-06,0.336,2759.820068359375
2018-07-09,0.328,2784.169921875
2018-07-10,0.336,2793.840087890625
2018-07-11,0.336,2774.02001953125
2018-07-12,0.304,2798.2900390625
2018-07-13,0.28,2801.31005859375
2018-07-16,0.272,2798.429931640625
2018-07-17,0.256,2809.550048828125
2018-07-18,0.24,2815.6201171875
2018-07-19,0.224,2804.489990234375
2018-07-20,0.24,2801.830078125
2018-07-23,0.224,2806.97998046875
2018-07-24,0.176,2820.39990234375
2018-07-25,0.2,2846.070068359375
2018-07-26,0.184,2837.43994140625
2018-07-27,0.232,2818.820068359375
2018-07-30,0.208,2802.60009765625
2018-07-31,0.2,2816.2900390625
2018-08-01,0.224,2813.360107421875
2018-08-02,0.216,2827.219970703125
2018-08-03,0.184,2840.35009765625
2018-08-06,0.224,2850.39990234375
2018-08-07,0.216,2858.449951171875
2018-08-08,0.208,2857.699951171875
2018-08-09,0.232,2853.580078125
2018-08-10,0.264,2833.280029296875
2018-08-13,0.248,2821.929931640625
2018-08-14,0.32,2839.9599609375
2018-08-15,0.36,2818.3701171875
2018-08-16,0.384,2840.68994140625
2018-08-17,0.352,2850.1298828125
2018-08-20,0.376,2857.050048828125
2018-08-21,0.344,2862.9599609375
2018-08-22,0.384,2861.820068359375
2018-08-23,0.384,2856.97998046875
2018-08-24,0.392,2874.68994140625
2018-08-27,0.36,2896.739990234375
2018-08-28,0.36,2897.52001953125
2018-08-29,0.296,2914.0400390625
2018-08-30,0.28,2901.1298828125
2018-08-31,0.28,2901.52001953125
2018-09-04,0.256,2896.719970703125
2018-09-05,0.264,2888.60009765625
2018-09-06,0.304,2878.050048828125
2018-09-07,0.328,2871.679931640625
2018-09-10,0.288,2877.1298828125
2018-09-11,0.24,2887.889892578125
2018-09-12,0.232,2888.919921875
2018-09-13,0.184,2904.179931640625
2018-09-14,0.184,2904.97998046875
2018-09-17,0.232,2888.800048828125
2018-09-18,0.24,2904.31005859375
2018-09-19,0.312,2907.949951171875
2018-09-20,0.296,2930.75
2018-09-21,0.36,2929.669921875
2018-09-24,0.344,2919.3701171875
2018-09-25,0.368,2915.56005859375
2018-09-26,0.36,2905.969970703125
2018-09-27,0.4,2914.0
2018-09-28,0.472,2913.97998046875
2018-10-01,0.48,2924.590087890625
2018-10-02,0.488,2923.429931640625
2018-10-03,0.496,2925.510009765625
2018-10-04,0.52,2901.610107421875
2018-10-05,0.52,2885.570068359375
2018-10-08,0.536,2884.429931640625
2018-10-09,0.504,2880.340087890625
2018-10-10,0.504,2785.679931640625
2018-10-11,0.576,2728.3701171875
2018-10-12,0.552,2767.1298828125
2018-10-15,0.528,2750.7900390625
2018-10-16,0.68,2809.919921875
2018-10-17,0.592,2809.2099609375
2018-10-18,0.624,2768.780029296875
2018-10-19,0.616,2767.780029296875
2018-10-22,0.576,2755.8798828125
2018-10-23,0.464,2740.68994140625
2018-10-24,0.416,2656.10009765625
2018-10-25,0.408,2705.570068359375
2018-10-26,0.384,2658.68994140625
2018-10-29,0.368,2641.25
2018-10-30,0.392,2682.6298828125
2018-10-31,0.336,2711.739990234375
2018-11-01,0.296,2740.3701171875
2018-11-02,0.344,2723.06005859375
2018-11-05,0.232,2738.31005859375
2018-11-06,0.256,2755.449951171875
2018-11-07,0.232,2813.889892578125
2018-11-08,0.144,2806.830078125
2018-11-09,0.168,2781.010009765625
2018-11-12,0.112,2726.219970703125
2018-11-13,0.08,2722.179931640625
2018-11-14,0.064,2701.580078125
2018-11-15,0.048,2730.199951171875
2018-11-16,0.056,2736.27001953125
2018-11-19,0.048,2690.72998046875
2018-11-20,0.04,2641.889892578125
2018-11-21,0.032,2649.929931640625
2018-11-23,0.032,2632.56005859375
2018-11-26,0.024,2673.449951171875
2018-11-27,0.024,2682.169921875
2018-11-28,0.016,2743.7900390625
2018-11-29,0.016,2737.800048828125
2018-11-30,0.04,2760.169921875
2018-12-03,0.0,2790.3701171875
2018-12-04,0.008,2700.06005859375
2018-12-06,0.0,2695.949951171875
2018-12-07,0.016,2633.080078125
2018-12-10,-0.008,2637.719970703125
2018-12-11,0.0,2636.780029296875
2018-12-12,-0.008,2651.070068359375
2018-12-13,-0.008,2650.5400390625
2018-12-14,0.016,2599.949951171875
2018-12-17,0.008,2545.93994140625
2018-12-18,0.0,2546.159912109375
2018-12-19,0.008,2506.9599609375
2018-12-20,0.024,2467.419921875
2018-12-21,0.008,2416.6201171875
2018-12-24,0.008,2351.10009765625
2018-12-26,-0.008,2467.699951171875
2018-12-27,0.008,2488.830078125
2018-12-28,0.024,2485.739990234375
2018-12-31,0.008,2506.85009765625
2019-01-02,0.016,2510.030029296875
2019-01-03,0.008,2447.889892578125
2019-01-04,0.0,2531.93994140625
2019-01-07,0.016,2549.68994140625
2019-01-08,0.016,2574.409912109375
2019-01-09,-0.008,2584.9599609375
2019-01-10,0.008,2596.639892578125
2019-01-11,0.008,2596.260009765625
2019-01-14,0.008,2582.610107421875
2019-01-15,0.008,2610.300048828125
2019-01-16,0.0,2616.10009765625
2019-01-17,0.0,2635.9599609375
2019-01-18,0.0,2670.7099609375
2019-01-22,0.0,2632.89990234375
2019-01-23,0.008,2638.699951171875
2019-01-24,0.0,2642.330078125
2019-01-25,-0.008,2664.760009765625
2019-01-28,0.008,2643.85009765625
2019-01-29,0.0,2640.0
2019-01-30,0.0,2681.050048828125
2019-01-31,0.0,2704.10009765625
2019-02-01,-0.016,2706.530029296875
2019-02-04,-0.008,2724.8701171875
2019-02-05,-0.008,2737.699951171875
2019-02-06,-0.008,2731.610107421875
2019-02-07,0.0,2706.050048828125
2019-02-08,0.008,2707.8798828125
2019-02-11,0.008,2709.800048828125
2019-02-12,0.016,2744.72998046875
2019-02-13,-0.016,2753.030029296875
2019-02-14,0.016,2745.72998046875
2019-02-15,-0.016,2775.60009765625
2019-02-19,0.016,2779.760009765625
2019-02-20,0.024,2784.699951171875
2019-02-21,0.048,2774.8798828125
2019-02-22,0.024,2792.669921875
2019-02-25,0.008,2796.110107421875
2019-02-26,0.0,2793.89990234375
2019-02-27,0.032,2792.3798828125
2019-02-28,0.016,2784.489990234375
2019-03-01,0.048,2803.68994140625
2019-03-04,0.072,2792.81005859375
2019-03-05,0.032,2789.64990234375
2019-03-06,0.024,2771.449951171875
2019-03-07,0.032,2748.929931640625
2019-03-08,0.08,2743.070068359375
2019-03-11,0.024,2783.300048828125
2019-03-12,0.072,2791.52001953125
2019-03-13,0.088,2810.919921875
2019-03-14,0.04,2808.47998046875
2019-03-15,0.072,2822.47998046875
2019-03-18,0.064,2832.93994140625
2019-03-19,0.048,2832.570068359375
2019-03-20,0.144,2824.22998046875
2019-03-21,0.128,2854.8798828125
2019-03-22,0.184,2800.7099609375
2019-03-25,0.112,2798.360107421875
2019-03-26,0.112,2818.4599609375
2019-03-27,0.152,2805.3701171875
2019-03-28,0.16,2815.43994140625
2019-03-29,0.168,2834.39990234375
2019-04-01,0.16,2867.18994140625
2019-04-02,0.168,2867.239990234375
2019-04-03,0.136,2873.39990234375
2019-04-04,0.056,2879.389892578125
2019-04-05,0.12,2892.739990234375
2019-04-08,0.136,2895.77001953125
2019-04-09,0.152,2878.199951171875
2019-04-10,0.216,2888.2099609375
2019-04-11,0.176,2888.320068359375
2019-04-12,0.28,2907.409912109375
2019-04-15,0.176,2905.580078125
2019-04-16,0.176,2907.06005859375
2019-04-17,0.208,2900.449951171875
2019-04-18,0.264,2905.030029296875
2019-04-22,0.24,2907.969970703125
2019-04-23,0.248,2933.679931640625
2019-04-24,0.248,2927.25
2019-04-25,0.248,2926.169921875
2019-04-26,0.176,2939.8798828125
2019-04-29,0.224,2943.030029296875
2019-04-30,0.224,2945.830078125
2019-05-01,0.176,2923.72998046875
2019-05-02,0.192,2917.52001953125
2019-05-03,0.184,2945.639892578125
2019-05-06,0.224,2932.469970703125
2019-05-07,0.288,2884.050048828125
2019-05-08,0.208,2879.419921875
2019-05-09,0.264,2870.719970703125
2019-05-10,0.224,2881.39990234375
2019-05-13,0.248,2811.8701171875
2019-05-14,0.264,2834.409912109375
2019-05-15,0.288,2850.9599609375
2019-05-16,0.232,2876.320068359375
2019-05-17,0.248,2859.530029296875
2019-05-20,0.224,2840.22998046875
2019-05-21,0.256,2864.360107421875
2019-05-22,0.328,2856.27001953125
2019-05-23,0.312,2822.239990234375
2019-05-24,0.248,2826.06005859375
2019-05-28,0.232,2802.389892578125
2019-05-29,0.256,2783.02001953125
2019-05-30,0.304,2788.860107421875
2019-05-31,0.304,2752.06005859375
2019-06-03,0.264,2744.449951171875
2019-06-04,0.24,2803.27001953125
2019-06-05,0.28,2826.14990234375
2019-06-06,0.272,2843.489990234375
2019-06-07,0.28,2873.340087890625
2019-06-10,0.264,2886.72998046875
2019-06-11,0.256,2885.719970703125
2019-06-12,0.264,2879.840087890625
2019-06-13,0.192,2891.639892578125
2019-06-14,0.224,2886.97998046875
2019-06-17,0.232,2889.669921875
2019-06-18,0.176,2917.75
2019-06-19,0.208,2926.4599609375
2019-06-20,0.176,2954.179931640625
2019-06-21,0.192,2950.4599609375
2019-06-24,0.2,2945.35009765625
2019-06-25,0.216,2917.3798828125
2019-06-26,0.2,2913.780029296875
2019-06-27,0.152,2924.919921875
2019-06-28,0.216,2941.760009765625
2019-07-01,0.224,2964.330078125
2019-07-02,0.176,2973.010009765625
2019-07-03,0.192,2995.820068359375
2019-07-05,0.16,2990.409912109375
2019-07-08,0.248,2975.949951171875
2019-07-09,0.232,2979.6298828125
2019-07-10,0.248,2993.070068359375
2019-07-11,0.208,2999.909912109375
2019-07-12,0.256,3013.77001953125
2019-07-15,0.144,3014.300048828125
2019-07-16,0.144,3004.0400390625
2019-07-17,0.12,2984.419921875
2019-07-18,0.2,2995.110107421875
2019-07-19,0.176,2976.610107421875
2019-07-22,0.176,2985.030029296875
2019-07-23,0.168,3005.469970703125
2019-07-24,0.208,3019.56005859375
2019-07-25,0.24,3003.669921875
2019-07-26,0.224,3025.860107421875
2019-07-29,0.184,3020.969970703125
2019-07-30,0.272,3013.179931640625
2019-07-31,0.216,2980.3798828125
2019-08-01,0.296,2953.56005859375
2019-08-02,0.272,2932.050048828125
2019-08-05,0.216,2844.739990234375
2019-08-06,0.176,2881.77001953125
2019-08-07,0.128,2883.97998046875
2019-08-08,0.2,2938.090087890625
2019-08-09,0.24,2918.64990234375
2019-08-12,0.232,2882.699951171875
2019-08-13,0.2,2926.320068359375
2019-08-14,0.224,2840.60009765625
2019-08-15,0.272,2847.60009765625
2019-08-16,0.248,2888.679931640625
2019-08-19,0.2,2923.64990234375
2019-08-20,0.264,2900.510009765625
2019-08-21,0.208,2924.429931640625
2019-08-22,0.264,2922.949951171875
2019-08-23,0.248,2847.110107421875
2019-08-26,0.192,2878.3798828125
2019-08-27,0.248,2869.159912109375
2019-08-28,0.224,2887.93994140625
2019-08-29,0.192,2924.580078125
2019-08-30,0.2,2926.4599609375
2019-09-03,0.192,2906.27001953125
2019-09-04,0.192,2937.780029296875
2019-09-05,0.2,2976.0
2019-09-06,0.16,2978.7099609375
2019-09-09,0.16,2978.429931640625
2019-09-10,0.168,2979.389892578125
2019-09-11,0.176,3000.929931640625
2019-09-12,0.152,3009.570068359375
2019-09-13,0.144,3007.389892578125
2019-09-16,0.16,2997.9599609375
2019-09-17,0.184,3005.699951171875
2019-09-18,0.192,3006.72998046875
2019-09-19,0.168,3006.7900390625
2019-09-20,0.152,2992.070068359375
2019-09-23,0.184,2991.780029296875
2019-09-24,0.184,2966.60009765625
2019-09-25,0.2,2984.8701171875
2019-09-26,0.208,2977.6201171875
2019-09-27,0.16,2961.7900390625
2019-09-30,0.192,2976.739990234375
2019-10-01,0.184,2940.25
2019-10-02,0.16,2887.610107421875
2019-10-03,0.12,2910.6298828125
2019-10-04,0.128,2952.010009765625
2019-10-07,0.12,2938.7900390625
2019-10-08,0.12,2893.06005859375
2019-10-09,0.104,2919.39990234375
2019-10-10,0.112,2938.1298828125
2019-10-11,0.112,2970.27001953125
2019-10-14,0.104,2966.14990234375
2019-10-15,0.08,2995.679931640625
2019-10-16,0.056,2989.68994140625
2019-10-17,0.088,2997.949951171875
2019-10-18,0.12,2986.199951171875
2019-10-21,0.112,3006.719970703125
2019-10-22,0.104,2995.989990234375
2019-10-23,0.152,3004.52001953125
2019-10-24,0.112,3010.2900390625
2019-10-25,0.064,3022.550048828125
2019-10-28,0.08,3039.419921875
2019-10-29,0.064,3036.889892578125
2019-10-30,0.072,3046.77001953125
2019-10-31,0.08,3037.56005859375
2019-11-01,0.056,3066.909912109375
2019-11-04,0.04,3078.27001953125
2019-11-05,0.08,3074.6201171875
2019-11-06,0.088,3076.780029296875
2019-11-07,0.096,3085.179931640625
2019-11-08,0.112,3093.080078125
2019-11-11,0.088,3087.010009765625
2019-11-12,0.12,3091.840087890625
2019-11-13,0.112,3094.0400390625
2019-11-14,0.096,3096.6298828125
2019-11-15,0.136,3120.4599609375
2019-11-18,0.08,3122.030029296875
2019-11-19,0.112,3120.179931640625
2019-11-20,0.112,3108.4599609375
2019-11-21,0.128,3103.5400390625
2019-11-22,0.104,3110.2900390625
2019-11-25,0.08,3133.639892578125
2019-11-26,0.064,3140.52001953125
2019-11-27,0.032,3153.6298828125
2019-11-29,0.04,3140.97998046875
2019-12-02,0.056,3113.8701171875
2019-12-03,0.096,3093.199951171875
2019-12-04,0.112,3112.760009765625
2019-12-05,0.104,3117.429931640625
2019-12-06,0.16,3145.909912109375
2019-12-09,0.16,3135.9599609375
2019-12-10,0.152,3132.52001953125
2019-12-11,0.168,3141.6298828125
2019-12-12,0.24,3168.570068359375
2019-12-13,0.288,3168.800048828125
2019-12-16,0.28,3191.449951171875
2019-12-17,0.296,3192.52001953125
2019-12-18,0.24,3191.139892578125
2019-12-19,0.264,3205.3701171875
2019-12-20,0.272,3221.219970703125
2019-12-23,0.272,3224.010009765625
2019-12-24,0.256,3223.3798828125
2019-12-26,0.248,3239.909912109375
2019-12-27,0.256,3240.02001953125
2019-12-30,0.248,3221.2900390625
2019-12-31,0.232,3230.780029296875
2020-01-02,0.136,3257.85009765625
2020-01-03,0.152,3234.85009765625
2020-01-06,0.144,3246.280029296875
2020-01-07,0.16,3237.179931640625
2020-01-08,0.16,3253.050048828125
2020-01-09,0.176,3274.699951171875
2020-01-10,0.176,3265.35009765625
2020-01-13,0.232,3288.1298828125
2020-01-14,0.192,3283.14990234375
2020-01-15,0.184,3289.2900390625
2020-01-16,0.208,3316.81005859375
2020-01-17,0.152,3329.6201171875
2020-01-21,0.104,3320.7900390625
2020-01-22,0.152,3321.75
2020-01-23,0.144,3325.5400390625
2020-01-24,0.144,3295.469970703125
2020-01-27,0.112,3243.6298828125
2020-01-28,0.104,3276.239990234375
2020-01-29,0.072,3273.39990234375
2020-01-30,0.048,3283.659912109375
2020-01-31,0.04,3225.52001953125
2020-02-03,0.048,3248.919921875
2020-02-04,0.048,3297.590087890625
2020-02-05,0.08,3334.68994140625
2020-02-06,0.064,3345.780029296875
2020-02-07,0.112,3327.7099609375
2020-02-10,0.088,3352.090087890625
2020-02-11,0.136,3357.75
2020-02-12,0.08,3379.449951171875
2020-02-13,0.12,3373.93994140625
2020-02-14,0.16,3380.159912109375
2020-02-18,0.152,3370.2900390625
2020-02-19,0.152,3386.14990234375
2020-02-20,0.152,3373.22998046875
2020-02-21,0.128,3337.75
2020-02-24,0.144,3225.889892578125
2020-02-25,0.112,3128.2099609375
2020-02-26,0.104,3116.389892578125
2020-02-27,0.088,2978.760009765625
2020-02-28,0.112,2954.219970703125
2020-03-02,0.088,3090.22998046875
2020-03-03,0.136,3003.3701171875
2020-03-04,0.12,3130.1201171875
2020-03-05,0.16,3023.93994140625
2020-03-06,0.152,2972.3701171875
2020-03-09,0.16,2746.56005859375
2020-03-10,0.192,2882.22998046875
2020-03-11,0.168,2741.3798828125
2020-03-12,0.2,2480.639892578125
2020-03-13,0.08,2711.02001953125
2020-03-16,0.096,2386.1298828125
2020-03-17,0.08,2529.18994140625
2020-03-18,0.072,2398.10009765625
2020-03-19,0.104,2409.389892578125
2020-03-20,0.08,2304.919921875
2020-03-23,0.088,2237.39990234375
2020-03-24,0.088,2447.330078125
2020-03-25,0.096,2475.56005859375
2020-03-26,0.12,2630.070068359375
2020-03-27,0.144,2541.469970703125
2020-03-30,0.184,2626.64990234375
2020-03-31,0.216,2584.590087890625
2020-04-01,0.208,2470.5
2020-04-02,0.208,2526.89990234375
2020-04-03,0.232,2488.64990234375
2020-04-06,0.216,2663.679931640625
2020-04-07,0.28,2659.409912109375
2020-04-08,0.288,2749.97998046875
2020-04-09,0.336,2789.820068359375
2020-04-13,0.392,2761.6298828125
2020-04-14,0.384,2846.06005859375
2020-04-15,0.344,2783.360107421875
2020-04-16,0.328,2799.550048828125
2020-04-17,0.328,2874.56005859375
2020-04-20,0.344,2823.159912109375
2020-04-21,0.328,2736.56005859375
2020-04-22,0.352,2799.31005859375
2020-04-23,0.312,2797.800048828125
2020-04-24,0.288,2836.739990234375
2020-04-27,0.24,2878.47998046875
2020-04-28,0.2,2863.389892578125
2020-04-29,0.112,2939.510009765625
2020-04-30,0.104,2912.429931640625
2020-05-01,0.16,2830.7099609375
2020-05-04,0.112,2842.739990234375
2020-05-05,0.088,2868.43994140625
2020-05-06,0.08,2848.419921875
2020-05-07,0.096,2881.18994140625
2020-05-08,0.16,2929.800048828125
2020-05-11,0.096,2930.18994140625
2020-05-12,0.096,2870.1201171875
2020-05-13,0.104,2820.0
2020-05-14,0.088,2852.5
2020-05-15,0.128,2863.699951171875
2020-05-18,0.088,2953.909912109375
2020-05-19,0.08,2922.93994140625
2020-05-20,0.104,2971.610107421875
2020-05-21,0.136,2948.510009765625
2020-05-22,0.12,2955.449951171875
2020-05-26,0.04,2991.77001953125
2020-05-27,0.032,3036.1298828125
2020-05-28,0.056,3029.72998046875
2020-05-29,0.056,3044.31005859375
2020-06-01,0.128,3055.72998046875
2020-06-02,0.144,3080.820068359375
2020-06-03,0.144,3122.8701171875
2020-06-04,0.144,3112.35009765625
2020-06-05,0.144,3193.929931640625
2020-06-08,0.152,3232.389892578125
2020-06-09,0.096,3207.179931640625
2020-06-10,0.072,3190.139892578125
2020-06-11,0.08,3002.10009765625
2020-06-12,0.08,3041.31005859375
2020-06-15,0.088,3066.590087890625
2020-06-16,0.088,3124.739990234375
2020-06-17,0.096,3113.489990234375
2020-06-18,0.04,3115.340087890625
2020-06-19,0.064,3097.739990234375
2020-06-22,0.056,3117.860107421875
2020-06-23,0.072,3131.2900390625
2020-06-24,0.072,3050.330078125
2020-06-25,0.056,3083.760009765625
2020-06-26,0.12,3009.050048828125
2020-06-29,0.104,3053.239990234375
2020-06-30,0.12,3100.2900390625
2020-07-01,0.064,3115.860107421875
2020-07-02,0.072,3130.010009765625
2020-07-06,0.056,3179.719970703125
2020-07-07,0.056,3145.320068359375
2020-07-08,0.056,3169.93994140625
2020-07-09,0.104,3152.050048828125
2020-07-10,0.112,3185.0400390625
2020-07-13,0.136,3155.219970703125
2020-07-14,0.152,3197.52001953125
2020-07-15,0.144,3226.56005859375
2020-07-16,0.144,3215.570068359375
2020-07-17,0.16,3224.72998046875
2020-07-20,0.136,3251.840087890625
2020-07-21,0.144,3257.300048828125
2020-07-22,0.144,3276.02001953125
2020-07-23,0.144,3235.659912109375
2020-07-24,0.192,3215.6298828125
2020-07-27,0.16,3239.409912109375
2020-07-28,0.168,3218.43994140625
2020-07-29,0.216,3258.43994140625
2020-07-30,0.192,3246.219970703125
2020-07-31,0.192,3271.1201171875
2020-08-03,0.224,3294.610107421875
2020-08-04,0.224,3306.510009765625
2020-08-05,0.168,3327.77001953125
2020-08-06,0.104,3349.159912109375
2020-08-07,0.144,3351.280029296875
2020-08-10,0.152,3360.469970703125
2020-08-11,0.216,3333.68994140625
2020-08-12,0.248,3380.35009765625
2020-08-13,0.304,3373.429931640625
2020-08-14,0.36,3372.85009765625
2020-08-17,0.288,3381.989990234375
2020-08-18,0.352,3389.780029296875
2020-08-19,0.376,3374.85009765625
2020-08-20,0.28,3385.510009765625
2020-08-21,0.344,3397.159912109375
2020-08-24,0.376,3431.280029296875
2020-08-25,0.4,3443.6201171875
2020-08-26,0.368,3478.72998046875
2020-08-27,0.328,3484.550048828125
2020-08-28,0.36,3508.010009765625
2020-08-31,0.384,3500.31005859375
2020-09-01,0.4,3526.64990234375
2020-09-02,0.392,3580.840087890625
2020-09-03,0.368,3455.06005859375
2020-09-04,0.36,3426.9599609375
2020-09-08,0.352,3331.840087890625
2020-09-09,0.36,3398.9599609375
2020-09-10,0.392,3339.18994140625
2020-09-11,0.368,3340.969970703125
2020-09-14,0.32,3383.5400390625
2020-09-15,0.312,3401.199951171875
2020-09-16,0.336,3385.489990234375
2020-09-17,0.344,3357.010009765625
2020-09-18,0.32,3319.469970703125
2020-09-21,0.296,3281.06005859375
2020-09-22,0.288,3315.570068359375
2020-09-23,0.312,3236.919921875
2020-09-24,0.304,3246.590087890625
2020-09-25,0.312,3298.4599609375
2020-09-28,0.288,3351.60009765625
2020-09-29,0.248,3335.469970703125
2020-09-30,0.248,3363.0
2020-10-01,0.216,3380.800048828125
2020-10-02,0.216,3348.419921875
2020-10-05,0.216,3408.60009765625
2020-10-06,0.16,3360.969970703125
2020-10-07,0.144,3419.43994140625
2020-10-08,0.112,3446.830078125
2020-10-09,0.088,3477.139892578125
2020-10-12,0.064,3534.219970703125
2020-10-13,0.048,3511.929931640625
2020-10-14,0.024,3488.669921875
2020-10-15,0.04,3483.340087890625
2020-10-16,0.056,3483.81005859375
2020-10-19,0.04,3426.919921875
2020-10-20,0.032,3443.1201171875
2020-10-21,0.048,3435.56005859375
2020-10-22,0.04,3453.489990234375
2020-10-23,0.112,3465.389892578125
2020-10-26,0.136,3400.969970703125
2020-10-27,0.224,3390.679931640625
2020-10-28,0.296,3271.030029296875
2020-10-29,0.28,3310.110107421875
2020-10-30,0.248,3269.9599609375
2020-11-02,0.208,3310.239990234375
2020-11-03,0.144,3369.159912109375
2020-11-04,0.104,3443.43994140625
2020-11-05,0.136,3510.449951171875
2020-11-06,0.176,3509.43994140625
2020-11-09,0.184,3550.5
2020-11-10,0.232,3545.530029296875
2020-11-11,0.192,3572.659912109375
2020-11-12,0.248,3537.010009765625
2020-11-13,0.232,3585.14990234375
2020-11-16,0.264,3626.909912109375
2020-11-17,0.264,3609.530029296875
2020-11-18,0.248,3567.7900390625
2020-11-19,0.16,3581.8701171875
2020-11-20,0.112,3557.5400390625
2020-11-23,0.24,3577.590087890625
2020-11-24,0.24,3635.409912109375
2020-11-25,0.248,3629.64990234375
2020-11-27,0.184,3638.35009765625
2020-11-30,0.144,3621.6298828125
2020-12-01,0.112,3662.449951171875
2020-12-02,0.144,3669.010009765625
2020-12-03,0.128,3666.719970703125
2020-12-04,0.08,3699.1201171875
2020-12-07,0.048,3691.9599609375
2020-12-08,0.04,3702.25
2020-12-09,0.104,3672.820068359375
2020-12-10,0.032,3668.10009765625
2020-12-11,0.056,3663.4599609375
2020-12-14,0.04,3647.489990234375
2020-12-15,0.096,3694.6201171875
2020-12-16,0.088,3701.169921875
2020-12-17,0.104,3722.47998046875
2020-12-18,0.112,3709.409912109375
2020-12-21,0.16,3694.919921875
2020-12-22,0.088,3687.260009765625
2020-12-23,0.072,3690.010009765625
2020-12-24,0.048,3703.06005859375
2020-12-28,0.024,3735.360107421875
2020-12-29,0.064,3727.0400390625
2020-12-30,0.064,3732.0400390625
2020-12-31,0.104,3756.070068359375
2021-01-04,0.104,3700.64990234375
2021-01-05,0.152,3726.860107421875
2021-01-06,0.12,3748.139892578125
2021-01-07,0.104,3803.7900390625
2021-01-08,0.104,3824.679931640625
2021-01-11,0.104,3799.610107421875
2021-01-12,0.072,3801.18994140625
2021-01-13,0.072,3809.840087890625
2021-01-14,0.056,3795.5400390625
2021-01-15,0.04,3768.25
2021-01-19,0.04,3798.909912109375
2021-01-20,0.048,3851.85009765625
2021-01-21,0.032,3853.070068359375
2021-01-22,0.048,3841.469970703125
2021-01-25,0.064,3855.360107421875
2021-01-26,0.04,3849.6201171875
2021-01-27,0.024,3750.77001953125
2021-01-28,0.032,3787.3798828125
2021-01-29,0.056,3714.239990234375
2021-02-01,0.072,3773.860107421875
2021-02-02,0.112,3826.31005859375
2021-02-03,0.104,3830.169921875
2021-02-04,0.072,3871.739990234375
2021-02-05,0.088,3886.830078125
2021-02-08,0.064,3915.590087890625
2021-02-09,0.104,3911.22998046875
2021-02-10,0.072,3909.8798828125
2021-02-11,0.08,3916.3798828125
2021-02-12,0.104,3934.830078125
2021-02-16,0.072,3932.590087890625
2021-02-17,0.096,3931.330078125
2021-02-18,0.104,3913.969970703125
2021-02-19,0.104,3906.7099609375
2021-02-22,0.184,3876.5
2021-02-23,0.168,3881.3701171875
2021-02-24,0.216,3925.429931640625
2021-02-25,0.208,3829.340087890625
2021-02-26,0.232,3811.14990234375
2021-03-01,0.216,3901.820068359375
2021-03-02,0.24,3870.2900390625
2021-03-03,0.224,3819.719970703125
2021-03-04,0.216,3768.469970703125
2021-03-05,0.208,3841.93994140625
2021-03-08,0.2,3821.35009765625
2021-03-09,0.24,3875.43994140625
2021-03-10,0.2,3898.81005859375
2021-03-11,0.192,3939.340087890625
2021-03-12,0.208,3943.340087890625
2021-03-15,0.208,3968.93994140625
2021-03-16,0.224,3962.7099609375
2021-03-17,0.24,3974.1201171875
2021-03-18,0.232,3915.4599609375
2021-03-19,0.208,3913.10009765625
2021-03-22,0.2,3940.590087890625
2021-03-23,0.208,3910.52001953125
2021-03-24,0.192,3889.139892578125
2021-03-25,0.16,3909.52001953125
2021-03-26,0.168,3974.5400390625
2021-03-29,0.144,3971.090087890625
2021-03-30,0.144,3958.550048828125
2021-03-31,0.16,3972.889892578125
2021-04-01,0.176,4019.8701171875
2021-04-05,0.184,4077.909912109375
2021-04-06,0.248,4073.93994140625
2021-04-07,0.24,4079.949951171875
2021-04-08,0.264,4097.169921875
2021-04-09,0.304,4128.7998046875
2021-04-12,0.248,4127.990234375
2021-04-13,0.264,4141.58984375
2021-04-14,0.336,4124.66015625
2021-04-15,0.304,4170.419921875
2021-04-16,0.296,4185.47021484375
2021-04-19,0.304,4163.259765625
2021-04-20,0.352,4134.93994140625
2021-04-21,0.32,4173.419921875
2021-04-22,0.232,4134.97998046875
2021-04-23,0.296,4180.169921875
2021-04-26,0.336,4187.6201171875
2021-04-27,0.304,4186.72021484375
2021-04-28,0.32,4183.18017578125
2021-04-29,0.32,4211.47021484375
2021-04-30,0.352,4181.169921875
2021-05-03,0.336,4192.66015625
2021-05-04,0.336,4164.66015625
2021-05-05,0.32,4167.58984375
2021-05-06,0.344,4201.6201171875
2021-05-07,0.328,4232.60009765625
2021-05-10,0.328,4188.43017578125
2021-05-11,0.312,4152.10009765625
2021-05-12,0.336,4063.0400390625
2021-05-13,0.384,4112.5
2021-05-14,0.368,4173.85009765625
2021-05-17,0.328,4163.2900390625
2021-05-18,0.296,4127.830078125
2021-05-19,0.304,4115.68017578125
2021-05-20,0.336,4159.1201171875
2021-05-21,0.304,4155.85986328125
2021-05-24,0.296,4197.0498046875
2021-05-25,0.28,4188.1298828125
2021-05-26,0.328,4195.990234375
2021-05-27,0.328,4200.8798828125
2021-05-28,0.312,4204.10986328125
2021-06-01,0.32,4202.0400390625
2021-06-02,0.288,4208.1201171875
2021-06-03,0.232,4192.85009765625
2021-06-04,0.264,4229.89013671875
2021-06-07,0.248,4226.52001953125
2021-06-08,0.192,4227.259765625
2021-06-09,0.184,4219.5498046875
2021-06-10,0.184,4239.18017578125
2021-06-11,0.2,4247.43994140625
2021-06-14,0.152,4255.14990234375
2021-06-15,0.136,4246.58984375
2021-06-16,0.112,4223.7001953125
2021-06-17,0.104,4221.85986328125
2021-06-18,0.128,4166.4501953125
2021-06-21,0.12,4224.7900390625
2021-06-22,0.112,4246.43994140625
2021-06-23,0.12,4241.83984375
2021-06-24,0.168,4266.490234375
2021-06-25,0.16,4280.7001953125
2021-06-28,0.2,4290.60986328125
2021-06-29,0.272,4291.7998046875
2021-06-30,0.288,4297.5
2021-07-01,0.336,4319.93994140625
2021-07-02,0.304,4352.33984375
2021-07-06,0.352,4343.5400390625
2021-07-07,0.288,4358.1298828125
2021-07-08,0.304,4320.81982421875
2021-07-09,0.336,4369.5498046875
2021-07-12,0.352,4384.6298828125
2021-07-13,0.312,4369.2099609375
2021-07-14,0.344,4374.2998046875
2021-07-15,0.272,4360.02978515625
2021-07-16,0.232,4327.16015625
2021-07-19,0.216,4258.490234375
2021-07-20,0.224,4323.06005859375
2021-07-21,0.192,4358.68994140625
2021-07-22,0.192,4367.47998046875
2021-07-23,0.184,4411.7900390625
2021-07-26,0.208,4422.2998046875
2021-07-27,0.216,4401.4599609375
2021-07-28,0.184,4400.64013671875
2021-07-29,0.16,4419.14990234375
2021-07-30,0.16,4395.259765625
2021-08-02,0.16,4387.16015625
2021-08-03,0.176,4423.14990234375
2021-08-04,0.192,4402.66015625
2021-08-05,0.2,4429.10009765625
2021-08-06,0.256,4436.52001953125
2021-08-09,0.28,4432.35009765625
2021-08-10,0.304,4436.75
2021-08-11,0.32,4442.41015625
2021-08-12,0.328,4460.830078125
2021-08-13,0.328,4468.0
2021-08-16,0.312,4479.7099609375
2021-08-17,0.352,4448.080078125
2021-08-18,0.344,4400.27001953125
2021-08-19,0.368,4405.7998046875
2021-08-20,0.336,4441.669921875
2021-08-23,0.368,4479.52978515625
2021-08-24,0.328,4486.22998046875
2021-08-25,0.352,4496.18994140625
2021-08-26,0.304,4470.0
2021-08-27,0.296,4509.3701171875
2021-08-30,0.272,4528.7900390625
2021-08-31,0.264,4522.68017578125
2021-09-01,0.336,4524.08984375
2021-09-02,0.392,4536.9501953125
2021-09-03,0.384,4535.43017578125
2021-09-07,0.416,4520.02978515625
2021-09-08,0.392,4514.06982421875
2021-09-09,0.408,4493.27978515625
2021-09-10,0.384,4458.580078125
2021-09-13,0.4,4468.72998046875
2021-09-14,0.368,4443.0498046875
2021-09-15,0.312,4480.7001953125
2021-09-16,0.304,4473.75
2021-09-17,0.32,4432.990234375
2021-09-20,0.288,4357.72998046875
2021-09-21,0.272,4354.18994140625
2021-09-22,0.224,4395.64013671875
2021-09-23,0.232,4448.97998046875
2021-09-24,0.232,4455.47998046875
2021-09-27,0.2,4443.10986328125
2021-09-28,0.208,4352.6298828125
2021-09-29,0.232,4359.4599609375
2021-09-30,0.232,4307.5400390625
2021-10-01,0.208,4357.0400390625
2021-10-04,0.192,4300.4599609375
2021-10-05,0.168,4345.72021484375
2021-10-06,0.2,4363.5498046875
2021-10-07,0.176,4399.759765625
2021-10-08,0.16,4391.33984375
2021-10-11,0.144,4361.18994140625
2021-10-12,0.128,4350.64990234375
2021-10-13,0.128,4363.7998046875
2021-10-14,0.136,4438.259765625
2021-10-15,0.12,4471.3701171875
2021-10-18,0.128,4486.4599609375
2021-10-19,0.112,4519.6298828125
2021-10-20,0.128,4536.18994140625
2021-10-21,0.12,4549.77978515625
2021-10-22,0.136,4544.89990234375
2021-10-25,0.112,4566.47998046875
2021-10-26,0.096,4574.7900390625
2021-10-27,0.128,4551.68017578125
2021-10-28,0.12,4596.419921875
2021-10-29,0.104,4605.3798828125
2021-11-01,0.08,4613.669921875
2021-11-02,0.064,4630.64990234375
2021-11-03,0.048,4660.56982421875
2021-11-04,0.08,4680.06005859375
2021-11-05,0.08,4697.52978515625
2021-11-08,0.056,4701.7001953125
2021-11-09,0.064,4685.25
2021-11-10,0.064,4646.7099609375
2021-11-11,0.08,4649.27001953125
2021-11-12,0.096,4682.85009765625
2021-11-15,0.088,4682.7998046875
2021-11-16,0.096,4700.89990234375
2021-11-17,0.136,4688.669921875
2021-11-18,0.12,4704.5400390625
2021-11-19,0.152,4697.9599609375
2021-11-22,0.12,4682.93994140625
2021-11-23,0.144,4690.7001953125
2021-11-24,0.192,4701.4599609375
2021-11-26,0.224,4594.6201171875
2021-11-29,0.224,4655.27001953125
2021-11-30,0.224,4567.0
2021-12-01,0.208,4513.0400390625
2021-12-02,0.2,4577.10009765625
2021-12-03,0.192,4538.43017578125
2021-12-06,0.2,4591.669921875
2021-12-07,0.216,4686.75
2021-12-08,0.24,4701.2099609375
2021-12-09,0.256,4667.4501953125
2021-12-10,0.248,4712.02001953125
2021-12-13,0.232,4668.97021484375
2021-12-14,0.272,4634.08984375
2021-12-15,0.264,4709.85009765625
2021-12-16,0.28,4668.669921875
2021-12-17,0.264,4620.64013671875
2021-12-20,0.272,4568.02001953125
2021-12-21,0.272,4649.22998046875
2021-12-22,0.248,4696.56005859375
2021-12-23,0.24,4725.7900390625
2021-12-27,0.272,4791.18994140625
2021-12-28,0.28,4786.35009765625
2021-12-29,0.256,4793.06005859375
2021-12-30,0.248,4778.72998046875
2021-12-31,0.232,4766.18017578125
2022-01-03,0.2,4796.56005859375
2022-01-04,0.232,4793.5400390625
2022-01-05,0.24,4700.580078125
2022-01-06,0.248,4696.0498046875
2022-01-07,0.24,4677.02978515625
2022-01-10,0.216,4670.2900390625
2022-01-11,0.232,4713.06982421875
2022-01-12,0.208,4726.35009765625
2022-01-13,0.208,4659.02978515625
2022-01-14,0.224,4662.85009765625
2022-01-18,0.224,4577.10986328125
2022-01-19,0.216,4532.759765625
2022-01-20,0.248,4482.72998046875
2022-01-21,0.224,4397.93994140625
2022-01-24,0.192,4410.1298828125
2022-01-25,0.176,4356.4501953125
2022-01-26,0.176,4349.93017578125
2022-01-27,0.176,4326.509765625
2022-01-28,0.184,4431.85009765625
2022-01-31,0.168,4515.5498046875
2022-02-01,0.168,4546.5400390625
2022-02-02,0.168,4589.3798828125
2022-02-03,0.176,4477.43994140625
2022-02-04,0.184,4500.52978515625
2022-02-07,0.16,4483.8701171875
2022-02-08,0.16,4521.5400390625
2022-02-09,0.168,4587.18017578125
2022-02-10,0.152,4504.080078125
2022-02-11,0.16,4418.64013671875
2022-02-14,0.184,4401.669921875
2022-02-15,0.184,4471.06982421875
2022-02-16,0.176,4475.009765625
2022-02-17,0.152,4380.259765625
2022-02-18,0.176,4348.8701171875
2022-02-22,0.176,4304.759765625
2022-02-23,0.128,4225.5
2022-02-24,0.152,4288.7001953125
2022-02-25,0.112,4384.64990234375
2022-02-28,0.128,4373.93994140625
2022-03-01,0.128,4306.259765625
2022-03-02,0.136,4386.5400390625
2022-03-03,0.12,4363.490234375
2022-03-04,0.144,4328.8701171875
2022-03-07,0.104,4201.08984375
2022-03-08,0.096,4170.7001953125
2022-03-09,0.104,4277.8798828125
2022-03-10,0.104,4259.52001953125
2022-03-11,0.112,4204.31005859375
2022-03-14,0.08,4173.10986328125
2022-03-15,0.072,4262.4501953125
2022-03-16,0.04,4357.85986328125
2022-03-17,0.048,4411.669921875
2022-03-18,0.008,4463.1201171875
2022-03-21,0.032,4461.18017578125
2022-03-22,0.024,4511.60986328125
2022-03-23,0.032,4456.240234375
2022-03-24,0.024,4520.16015625
2022-03-25,0.048,4543.06005859375
2022-03-28,0.04,4575.52001953125
2022-03-29,0.048,4631.60009765625
2022-03-30,0.064,4602.4501953125
2022-03-31,0.056,4530.41015625
2022-04-01,0.04,4545.85986328125
2022-04-04,0.056,4582.64013671875
2022-04-05,0.064,4525.1201171875
2022-04-06,0.04,4481.14990234375
2022-04-07,0.024,4500.2099609375
2022-04-08,0.04,4488.27978515625
2022-04-11,0.04,4412.52978515625
2022-04-12,0.032,4397.4501953125
2022-04-13,0.088,4446.58984375
2022-04-14,0.088,4392.58984375
2022-04-18,0.104,4391.68994140625
2022-04-19,0.104,4462.2099609375
2022-04-20,0.064,4459.4501953125
2022-04-21,0.08,4393.66015625
2022-04-22,0.096,4271.77978515625
2022-04-25,0.056,4296.1201171875
2022-04-26,0.088,4175.2001953125
2022-04-27,0.072,4183.9599609375
2022-04-28,0.04,4287.5
2022-04-29,0.032,4131.93017578125
2022-05-02,0.04,4155.3798828125
2022-05-03,0.024,4175.47998046875
2022-05-04,0.024,4300.169921875
2022-05-05,0.024,4146.8701171875
2022-05-06,0.048,4123.33984375
2022-05-09,0.0,3991.239990234375
2022-05-10,0.016,4001.050048828125
2022-05-11,-0.008,3935.179931640625
2022-05-12,-0.008,3930.080078125
2022-05-13,-0.008,4023.889892578125
2022-05-16,-0.008,4008.010009765625
2022-05-17,-0.008,4088.85009765625
2022-05-18,-0.008,3923.679931640625
2022-05-19,-0.016,3900.7900390625
2022-05-20,-0.016,3901.360107421875
2022-05-23,-0.016,3973.75
2022-05-24,-0.008,3941.47998046875
2022-05-25,-0.008,3978.72998046875
2022-05-26,-0.032,4057.840087890625
2022-05-27,-0.008,4158.240234375
2022-05-31,0.008,4132.14990234375
2022-06-01,0.016,4101.22998046875
2022-06-02,0.008,4176.81982421875
2022-06-03,0.032,4108.5400390625
2022-06-06,0.0,4121.43017578125
2022-06-07,0.0,4160.68017578125
2022-06-08,0.008,4115.77001953125
2022-06-09,0.016,4017.820068359375
2022-06-10,-0.008,3900.860107421875
2022-06-13,0.016,3749.6298828125
2022-06-14,0.0,3735.47998046875
2022-06-15,-0.008,3789.989990234375
2022-06-16,0.008,3666.77001953125
2022-06-17,-0.008,3674.840087890625
2022-06-21,-0.024,3764.7900390625
2022-06-22,-0.008,3759.889892578125
2022-06-23,-0.024,3795.72998046875
2022-06-24,0.0,3911.739990234375
2022-06-27,0.0,3900.110107421875
2022-06-28,-0.016,3821.550048828125
2022-06-29,0.008,3818.830078125
2022-06-30,0.0,3785.3798828125
2022-07-01,0.008,3825.330078125
2022-07-05,0.0,3831.389892578125
2022-07-06,-0.024,3845.080078125
2022-07-07,0.008,3902.6201171875
2022-07-08,-0.04,3899.3798828125
2022-07-11,-0.04,3854.429931640625
2022-07-12,-0.064,3818.800048828125
2022-07-13,-0.032,3801.780029296875
2022-07-14,-0.056,3790.3798828125
2022-07-15,-0.072,3863.159912109375
2022-07-18,-0.056,3830.85009765625
2022-07-19,-0.072,3936.68994140625
2022-07-20,-0.064,3959.89990234375
2022-07-21,-0.064,3998.949951171875
2022-07-22,-0.056,3961.6298828125
2022-07-25,-0.088,3966.840087890625
2022-07-26,-0.088,3921.050048828125
2022-07-27,-0.088,4023.610107421875
2022-07-28,-0.08,4072.429931640625
2022-07-29,-0.088,4130.2900390625
2022-08-01,-0.096,4118.6298828125
2022-08-02,-0.072,4091.18994140625
2022-08-03,-0.056,4155.169921875
2022-08-04,-0.048,4151.93994140625
2022-08-05,-0.048,4145.18994140625
2022-08-08,-0.016,4140.06005859375
2022-08-09,0.0,4122.47021484375
2022-08-10,0.008,4210.240234375
2022-08-11,0.0,4207.27001953125
2022-08-12,-0.024,4280.14990234375
2022-08-15,0.024,4297.14013671875
2022-08-16,0.032,4305.2001953125
2022-08-17,0.04,4274.0400390625
2022-08-18,0.024,4283.740234375
2022-08-19,0.008,4228.47998046875
2022-08-22,0.016,4137.990234375
2022-08-23,0.008,4128.72998046875
2022-08-24,0.032,4140.77001953125
2022-08-25,0.024,4199.1201171875
2022-08-26,0.032,4057.659912109375
2022-08-29,0.04,4030.610107421875
2022-08-30,0.056,3986.159912109375
2022-08-31,0.056,3955.0
2022-09-01,0.104,3966.85009765625
2022-09-02,0.104,3924.260009765625
2022-09-06,0.12,3908.18994140625
2022-09-07,0.064,3979.8701171875
2022-09-08,0.104,4006.179931640625
2022-09-09,0.136,4067.360107421875
2022-09-12,0.16,4110.41015625
2022-09-13,0.176,3932.68994140625
2022-09-14,0.12,3946.010009765625
2022-09-15,0.096,3901.35009765625
2022-09-16,0.104,3873.330078125
2022-09-19,0.144,3899.889892578125
2022-09-20,0.16,3855.929931640625
2022-09-21,0.088,3789.929931640625
2022-09-22,0.072,3757.989990234375
2022-09-23,0.056,3693.22998046875
2022-09-26,0.048,3655.0400390625
2022-09-27,0.064,3647.2900390625
2022-09-28,0.064,3719.0400390625
2022-09-29,0.056,3640.469970703125
2022-09-30,0.072,3585.6201171875
2022-10-03,0.072,3678.429931640625
2022-10-04,0.064,3790.929931640625
2022-10-05,0.112,3783.280029296875
2022-10-06,0.096,3744.52001953125
2022-10-07,0.064,3639.659912109375
2022-10-10,0.048,3612.389892578125
2022-10-11,0.048,3588.840087890625
2022-10-12,0.048,3577.030029296875
2022-10-13,0.024,3669.909912109375
2022-10-14,-0.016,3583.070068359375
2022-10-17,-0.024,3677.949951171875
2022-10-18,-0.04,3719.97998046875
2022-10-19,-0.064,3695.159912109375
2022-10-20,-0.08,3665.780029296875
2022-10-21,-0.04,3752.75
2022-10-24,-0.048,3797.340087890625
2022-10-25,-0.064,3859.110107421875
2022-10-26,-0.048,3830.60009765625
2022-10-27,-0.04,3807.300048828125
2022-10-28,-0.056,3901.06005859375
2022-10-31,-0.048,3871.97998046875
2022-11-01,-0.016,3856.10009765625
2022-11-02,-0.04,3759.68994140625
2022-11-03,-0.072,3719.889892578125
2022-11-04,-0.048,3770.550048828125
2022-11-07,-0.04,3806.800048828125
2022-11-08,-0.048,3828.110107421875
2022-11-09,-0.008,3748.570068359375
2022-11-10,0.0,3956.3701171875
2022-11-11,-0.016,3992.929931640625
2022-11-14,-0.032,3957.25
2022-11-15,-0.008,3991.72998046875
2022-11-16,0.0,3958.7900390625
2022-11-17,0.016,3946.56005859375
2022-11-18,0.008,3965.340087890625
2022-11-21,0.016,3949.93994140625
2022-11-22,-0.016,4003.580078125
2022-11-23,0.0,4027.260009765625
2022-11-25,-0.032,4026.1201171875
2022-11-28,-0.024,3963.93994140625
2022-11-29,0.008,3957.6298828125
2022-11-30,-0.032,4080.110107421875
2022-12-01,-0.032,4076.570068359375
2022-12-02,-0.032,4071.699951171875
2022-12-05,-0.008,3998.840087890625
2022-12-06,0.024,3941.260009765625
2022-12-07,-0.008,3933.919921875
2022-12-08,-0.016,3963.510009765625
2022-12-09,-0.016,3934.3798828125
2022-12-12,0.016,3990.56005859375
2022-12-13,-0.008,4019.64990234375
2022-12-14,0.024,3995.320068359375
2022-12-15,0.016,3895.75
2022-12-16,0.016,3852.360107421875
2022-12-19,0.024,3817.659912109375
2022-12-20,0.064,3821.6201171875
2022-12-21,0.048,3878.43994140625
2022-12-22,0.016,3822.389892578125
2022-12-23,0.048,3844.820068359375
2022-12-27,0.024,3829.25
2022-12-28,0.032,3783.219970703125
2022-12-29,0.024,3849.280029296875
2022-12-30,0.024,3839.5
2023-01-03,0.04,3824.139892578125
2023-01-04,0.064,3852.969970703125
2023-01-05,0.008,3808.10009765625
2023-01-06,0.064,3895.080078125
2023-01-09,0.064,3892.090087890625
2023-01-10,0.048,3919.25
2023-01-11,0.04,3969.610107421875
2023-01-12,0.04,3983.169921875
2023-01-13,0.064,3999.090087890625
2023-01-17,0.04,3990.969970703125
2023-01-18,0.072,3928.860107421875
2023-01-19,0.064,3898.85009765625
2023-01-20,0.064,3972.610107421875
2023-01-23,0.072,4019.81005859375
2023-01-24,0.096,4016.949951171875
2023-01-25,0.088,4016.219970703125
2023-01-26,0.112,4060.429931640625
2023-01-27,0.112,4070.56005859375
2023-01-30,0.088,4017.77001953125
2023-01-31,0.104,4076.60009765625
2023-02-01,0.112,4119.2099609375
2023-02-02,0.112,4179.759765625
2023-02-03,0.16,4136.47998046875
2023-02-06,0.184,4111.080078125
2023-02-07,0.152,4164.0
2023-02-08,0.184,4117.85986328125
2023-02-09,0.224,4081.5
2023-02-10,0.176,4090.4599609375
2023-02-13,0.144,4137.2900390625
2023-02-14,0.104,4136.1298828125
2023-02-15,0.144,4147.60009765625
2023-02-16,0.176,4090.409912109375
2023-02-17,0.192,4079.090087890625
2023-02-21,0.168,3997.340087890625
2023-02-22,0.128,3991.050048828125
2023-02-23,0.2,4012.320068359375
2023-02-24,0.176,3970.0400390625
2023-02-27,0.192,3982.239990234375
2023-02-28,0.136,3970.14990234375
2023-03-01,0.128,3951.389892578125
2023-03-02,0.152,3981.35009765625
2023-03-03,0.152,4045.639892578125
2023-03-06,0.128,4048.419921875
2023-03-07,0.12,3986.3701171875
2023-03-08,0.136,3992.010009765625
2023-03-09,0.128,3918.320068359375
2023-03-10,0.128,3861.590087890625
2023-03-13,0.096,3855.760009765625
2023-03-14,0.104,3919.2900390625
2023-03-15,0.08,3891.929931640625
2023-03-16,0.128,3960.280029296875
2023-03-17,0.072,3916.639892578125
2023-03-20,0.104,3951.570068359375
2023-03-21,0.072,4002.8701171875
2023-03-22,0.08,3936.969970703125
2023-03-23,0.112,3948.719970703125
2023-03-24,0.088,3970.989990234375
2023-03-27,0.096,3977.530029296875
2023-03-28,0.104,3971.27001953125
2023-03-29,0.112,4027.81005859375
2023-03-30,0.088,4050.830078125
2023-03-31,0.096,4109.31005859375
2023-04-03,0.088,4124.509765625
2023-04-04,0.112,4100.60009765625
2023-04-05,0.112,4090.3798828125
2023-04-06,0.096,4105.02001953125
2023-04-10,0.128,4109.10986328125
2023-04-11,0.128,4108.93994140625
2023-04-12,0.112,4091.949951171875
2023-04-13,0.12,4146.22021484375
2023-04-14,0.144,4137.64013671875
2023-04-17,0.12,4151.31982421875
2023-04-18,0.12,4154.8701171875
2023-04-19,0.12,4154.52001953125
2023-04-20,0.12,4129.7900390625
2023-04-21,0.104,4133.52001953125
2023-04-24,0.152,4137.0400390625
2023-04-25,0.096,4071.6298828125
2023-04-26,0.128,4055.989990234375
2023-04-27,0.128,4135.35009765625
2023-04-28,0.096,4169.47998046875
2023-05-01,0.096,4167.8701171875
2023-05-02,0.088,4119.580078125
2023-05-03,0.056,4090.75
2023-05-04,0.08,4061.219970703125
2023-05-05,0.104,4136.25
2023-05-08,0.072,4138.1201171875
2023-05-09,0.112,4119.169921875
2023-05-10,0.088,4137.64013671875
2023-05-11,0.136,4130.6201171875
2023-05-12,0.152,4124.080078125
2023-05-15,0.128,4136.27978515625
2023-05-16,0.072,4109.89990234375
2023-05-17,0.12,4158.77001953125
2023-05-18,0.168,4198.0498046875
2023-05-19,0.152,4191.97998046875
2023-05-22,0.152,4192.6298828125
2023-05-23,0.144,4145.580078125
2023-05-24,0.136,4115.240234375
2023-05-25,0.144,4151.27978515625
2023-05-26,0.144,4205.4501953125
2023-05-30,0.168,4205.52001953125
2023-05-31,0.16,4179.830078125
2023-06-01,0.128,4221.02001953125
2023-06-02,0.16,4282.3701171875
2023-06-05,0.136,4273.7900390625
2023-06-06,0.112,4283.85009765625
2023-06-07,0.104,4267.52001953125
2023-06-08,0.144,4293.93017578125
2023-06-09,0.136,4298.85986328125
2023-06-12,0.144,4338.93017578125
2023-06-13,0.152,4369.009765625
2023-06-14,0.168,4372.58984375
2023-06-15,0.12,4425.83984375
2023-06-16,0.144,4409.58984375
2023-06-20,0.16,4388.7099609375
2023-06-21,0.096,4365.68994140625
2023-06-22,0.12,4381.89013671875
2023-06-23,0.08,4348.330078125
2023-06-26,0.12,4328.81982421875
2023-06-27,0.088,4378.41015625
2023-06-28,0.144,4376.85986328125
2023-06-29,0.16,4396.43994140625
2023-06-30,0.128,4450.3798828125
2023-07-03,0.112,4455.58984375
2023-07-05,0.096,4446.81982421875
2023-07-06,0.048,4411.58984375
2023-07-07,0.024,4398.9501953125
2023-07-10,0.024,4409.52978515625
2023-07-11,0.08,4439.259765625
2023-07-12,0.056,4472.16015625
2023-07-13,0.048,4510.0400390625
2023-07-14,0.072,4505.419921875
2023-07-17,0.088,4522.7900390625
2023-07-18,0.104,4554.97998046875
2023-07-19,0.04,4565.72021484375
2023-07-20,0.0,4534.8701171875
2023-07-21,0.016,4536.33984375
2023-07-24,0.032,4554.64013671875
2023-07-25,0.024,4567.4599609375
2023-07-26,0.064,4566.75
2023-07-27,0.048,4537.41015625
2023-07-28,0.0,4582.22998046875
2023-07-31,0.016,4588.9599609375
2023-08-01,-0.008,4576.72998046875
2023-08-02,0.048,4513.39013671875
2023-08-03,0.016,4501.89013671875
2023-08-04,0.0,4478.02978515625
2023-08-07,-0.08,4518.43994140625
2023-08-08,-0.048,4499.3798828125
2023-08-09,-0.048,4467.7099609375
2023-08-10,0.0,4468.830078125
2023-08-11,-0.064,4464.0498046875
2023-08-14,-0.04,4489.72021484375
2023-08-15,-0.024,4437.85986328125
2023-08-16,0.008,4404.330078125
2023-08-17,0.032,4370.35986328125
2023-08-18,-0.016,4369.7099609375
2023-08-21,-0.016,4399.77001953125
2023-08-22,0.024,4387.5498046875
2023-08-23,0.016,4436.009765625
2023-08-24,0.088,4376.31005859375
2023-08-25,0.04,4405.7099609375
2023-08-28,0.04,4433.31005859375
2023-08-29,0.128,4497.6298828125
2023-08-30,0.104,4514.8701171875
2023-08-31,0.112,4507.66015625
2023-09-01,0.04,4515.77001953125
2023-09-05,0.024,4496.830078125
2023-09-06,0.088,4465.47998046875
2023-09-07,0.056,4451.14013671875
2023-09-08,0.016,4457.490234375
2023-09-11,0.016,4487.4599609375
2023-09-12,0.088,4461.89990234375
2023-09-13,0.104,4467.43994140625
2023-09-14,0.088,4505.10009765625
2023-09-15,0.088,4450.31982421875
2023-09-18,0.096,4453.52978515625
2023-09-19,0.096,4443.9501953125
2023-09-20,0.112,4402.2001953125
2023-09-21,0.08,4330.0
2023-09-22,0.096,4320.06005859375
2023-09-25,0.056,4337.43994140625
2023-09-26,0.048,4273.52978515625
2023-09-27,0.064,4274.509765625
2023-09-28,0.072,4299.7001953125
2023-09-29,0.016,4288.0498046875
2023-10-02,0.04,4288.39013671875
2023-10-03,-0.016,4229.4501953125
2023-10-04,0.056,4263.75
2023-10-05,0.016,4258.18994140625
2023-10-06,-0.024,4308.5
2023-10-09,-0.048,4335.66015625
2023-10-10,-0.016,4358.240234375
2023-10-11,-0.032,4376.9501953125
2023-10-12,0.024,4349.60986328125
2023-10-13,-0.056,4327.77978515625
2023-10-16,-0.056,4373.6298828125
2023-10-17,-0.024,4373.2001953125
2023-10-18,-0.04,4314.60009765625
2023-10-19,-0.04,4278.0
2023-10-20,-0.024,4224.16015625
2023-10-23,-0.048,4217.0400390625
2023-10-24,-0.064,4247.68017578125
2023-10-25,-0.04,4186.77001953125
2023-10-26,-0.048,4137.22998046875
2023-10-27,-0.016,4117.3701171875
2023-10-30,-0.04,4166.81982421875
2023-10-31,-0.04,4193.7998046875
2023-11-01,-0.032,4237.85986328125
2023-11-02,-0.04,4317.77978515625
2023-11-03,-0.04,4358.33984375
2023-11-06,-0.032,4365.97998046875
2023-11-07,-0.032,4378.3798828125
2023-11-08,-0.04,4382.77978515625
2023-11-09,-0.04,4347.35009765625
2023-11-10,-0.056,4415.240234375
2023-11-13,-0.024,4411.5498046875
2023-11-14,-0.04,4495.7001953125
2023-11-15,-0.016,4502.8798828125
2023-11-16,0.0,4508.240234375
2023-11-17,-0.008,4514.02001953125
2023-11-20,-0.016,4547.3798828125
2023-11-21,-0.032,4538.18994140625
2023-11-22,0.0,4556.6201171875
2023-11-24,-0.04,4559.33984375
2023-11-27,0.0,4550.43017578125
2023-11-28,-0.04,4554.89013671875
2023-11-29,-0.032,4550.580078125
2023-11-30,-0.016,4567.7998046875
2023-12-01,-0.008,4594.6298828125
2023-12-04,-0.016,4569.77978515625
2023-12-05,-0.024,4567.18017578125
2023-12-06,-0.032,4549.33984375
2023-12-07,0.04,4585.58984375
2023-12-08,-0.008,4604.3701171875
2023-12-11,-0.016,4622.43994140625
2023-12-12,-0.024,4643.7001953125
2023-12-13,-0.024,4707.08984375
2023-12-14,-0.008,4719.5498046875
2023-12-15,0.0,4719.18994140625
2023-12-18,0.0,4740.56005859375
2023-12-19,0.008,4768.3701171875
2023-12-20,-0.016,4698.35009765625
2023-12-21,0.0,4746.75
2023-12-22,-0.024,4754.6298828125
2023-12-26,0.04,4774.75
2023-12-27,0.016,4781.580078125
2023-12-28,0.024,4783.35009765625
2023-12-29,0.032,4769.830078125
2024-01-02,0.008,4742.830078125
2024-01-03,0.008,4704.81005859375
2024-01-04,0.008,4688.68017578125
2024-01-05,0.0,4697.240234375
2024-01-08,0.0,4763.5400390625
2024-01-09,0.032,4756.5
2024-01-10,-0.008,4783.4501953125
2024-01-11,0.0,4780.240234375
2024-01-12,-0.032,4783.830078125
2024-01-16,-0.024,4765.97998046875
2024-01-17,-0.016,4739.2099609375
2024-01-18,0.0,4780.93994140625
2024-01-19,0.0,4839.81005859375
2024-01-22,0.008,4850.43017578125
2024-01-23,0.04,4864.60009765625
2024-01-24,0.008,4868.5498046875
2024-01-25,0.016,4894.16015625
2024-01-26,0.016,4890.97021484375
2024-01-29,0.0,4927.93017578125
2024-01-30,-0.008,4924.97021484375
2024-01-31,-0.032,4845.64990234375
2024-02-01,0.016,4906.18994140625
2024-02-02,0.0,4958.60986328125
2024-02-05,0.008,4942.81005859375
2024-02-06,0.0,4954.22998046875
2024-02-07,-0.024,4995.06005859375
2024-02-08,0.016,4997.91015625
2024-02-09,-0.048,5026.60986328125
2024-02-12,0.024,5021.83984375
2024-02-13,0.024,4953.169921875
2024-02-14,0.048,5000.6201171875
2024-02-15,0.048,5029.72998046875
2024-02-16,0.024,5005.56982421875
2024-02-20,0.016,4975.509765625
2024-02-21,0.008,4981.7998046875
2024-02-22,0.056,5087.02978515625
2024-02-23,0.08,5088.7998046875
2024-02-26,0.064,5069.52978515625
2024-02-27,0.032,5078.18017578125
2024-02-28,0.056,5069.759765625
2024-02-29,0.096,5096.27001953125
2024-03-01,0.056,5137.080078125
2024-03-04,0.072,5130.9501953125
2024-03-05,0.064,5078.64990234375
2024-03-06,0.056,5104.759765625
2024-03-07,0.032,5157.35986328125
2024-03-08,0.072,5123.68994140625
2024-03-11,0.016,5117.93994140625
2024-03-12,0.04,5175.27001953125
2024-03-13,0.04,5165.31005859375
2024-03-14,0.032,5150.47998046875
2024-03-15,0.0,5117.08984375
2024-03-18,0.0,5149.419921875
2024-03-19,-0.04,5178.509765625
2024-03-20,-0.048,5224.6201171875
2024-03-21,-0.024,5241.52978515625
2024-03-22,0.016,5234.18017578125
2024-03-25,0.024,5218.18994140625
2024-03-26,0.08,5203.580078125
2024-03-27,0.024,5248.490234375
2024-03-28,0.016,5254.35009765625
2024-04-01,-0.016,5243.77001953125
2024-04-02,0.008,5205.81005859375
2024-04-03,0.032,5211.490234375
2024-04-04,0.016,5147.2099609375
2024-04-05,0.032,5204.33984375
2024-04-08,0.04,5202.39013671875
2024-04-09,0.024,5209.91015625
2024-04-10,0.032,5160.64013671875
2024-04-11,0.016,5199.06005859375
2024-04-12,0.008,5123.41015625
2024-04-15,0.048,5061.81982421875
2024-04-16,0.04,5051.41015625
2024-04-17,0.0,5022.2099609375
2024-04-18,-0.008,5011.1201171875
2024-04-19,-0.064,4967.22998046875
2024-04-22,-0.048,5010.60009765625
2024-04-23,-0.056,5070.5498046875
2024-04-24,-0.048,5071.6298828125
2024-04-25,-0.056,5048.419921875
2024-04-26,-0.032,5099.9599609375
2024-04-29,-0.08,5116.169921875
2024-04-30,-0.072,5035.68994140625
2024-05-01,-0.08,5018.39013671875
2024-05-02,-0.064,5064.2001953125
2024-05-03,-0.048,5127.7900390625
2024-05-06,-0.04,5180.740234375
2024-05-07,-0.056,5187.7001953125
2024-05-08,-0.072,5187.669921875
2024-05-09,-0.016,5214.080078125
2024-05-10,-0.032,5222.68017578125
2024-05-13,-0.064,5221.419921875
2024-05-14,-0.04,5246.68017578125
2024-05-15,-0.048,5308.14990234375
2024-05-16,-0.04,5297.10009765625
2024-05-17,-0.032,5303.27001953125
2024-05-20,-0.032,5308.1298828125
2024-05-21,-0.04,5321.41015625
2024-05-22,-0.024,5307.009765625
2024-05-23,-0.008,5267.83984375
2024-05-24,-0.008,5304.72021484375
2024-05-28,-0.008,5306.0400390625
2024-05-29,0.024,5266.9501953125
2024-05-30,0.024,5235.47998046875
2024-05-31,0.008,5277.509765625
2024-06-03,0.008,5283.39990234375
2024-06-04,0.024,5291.33984375
2024-06-05,0.016,5354.02978515625
2024-06-06,0.016,5352.9599609375
2024-06-07,0.008,5346.990234375
2024-06-10,0.016,5360.7900390625
2024-06-11,0.008,5375.31982421875
2024-06-12,0.024,5421.02978515625
2024-06-13,0.024,5433.740234375
2024-06-14,0.032,5431.60009765625
2024-06-17,0.016,5473.22998046875
2024-06-18,-0.032,5487.02978515625
2024-06-20,-0.032,5473.169921875
2024-06-21,-0.016,5464.6201171875
2024-06-24,-0.016,5447.8701171875
2024-06-25,-0.016,5469.2998046875
2024-06-26,-0.024,5477.89990234375
2024-06-27,-0.016,5482.8701171875
2024-06-28,-0.024,5460.47998046875
2024-07-01,0.0,5475.08984375
2024-07-02,0.0,5509.009765625
2024-07-03,0.016,5537.02001953125
2024-07-05,0.0,5567.18994140625
2024-07-08,0.032,5572.85009765625
2024-07-09,0.032,5576.97998046875
2024-07-10,0.024,5633.91015625
2024-07-11,0.04,5584.5400390625
2024-07-12,0.04,5615.35009765625
2024-07-15,0.04,5631.22021484375
2024-07-16,0.0,5667.2001953125
2024-07-17,0.032,5588.27001953125
2024-07-18,0.016,5544.58984375
2024-07-19,0.016,5505.0
2024-07-22,0.0,5564.41015625
2024-07-23,0.016,5555.740234375
2024-07-24,0.04,5427.1298828125
2024-07-25,0.008,5399.22021484375
2024-07-26,0.032,5459.10009765625
2024-07-29,0.032,5463.5400390625
2024-07-30,0.04,5436.43994140625
2024-07-31,0.064,5522.2998046875
2024-08-01,0.04,5446.68017578125
2024-08-02,0.048,5346.56005859375
2024-08-05,0.016,5186.330078125
2024-08-06,0.056,5240.02978515625
2024-08-07,0.024,5199.5
2024-08-08,0.008,5319.31005859375
2024-08-09,0.008,5344.16015625
2024-08-12,-0.024,5344.39013671875
2024-08-13,0.0,5434.43017578125
2024-08-14,0.0,5455.2099609375
2024-08-15,-0.024,5543.22021484375
2024-08-16,-0.024,5554.25
2024-08-19,0.0,5608.25
2024-08-20,0.032,5597.1201171875
2024-08-21,0.008,5620.85009765625
2024-08-22,0.016,5570.64013671875
2024-08-23,0.016,5634.60986328125
2024-08-26,0.024,5616.83984375
2024-08-27,0.016,5625.7998046875
2024-08-28,-0.008,5592.18017578125
2024-08-29,0.0,5591.9599609375
2024-08-30,0.024,5648.39990234375
2024-09-03,0.04,5528.93017578125
2024-09-04,0.016,5520.06982421875
2024-09-05,0.024,5503.41015625
2024-09-06,0.008,5408.419921875
2024-09-09,0.048,5471.0498046875
2024-09-10,0.016,5495.52001953125
2024-09-11,0.032,5554.1298828125
2024-09-12,0.016,5595.759765625
2024-09-13,0.048,5626.02001953125
2024-09-16,0.016,5633.08984375
2024-09-17,0.032,5634.580078125
2024-09-18,0.04,5618.259765625
2024-09-19,0.064,5713.64013671875
2024-09-20,0.048,5702.5498046875
2024-09-23,0.064,5718.56982421875
2024-09-24,0.08,5732.93017578125
2024-09-25,0.072,5722.259765625
2024-09-26,0.096,5745.3701171875
2024-09-27,0.096,5738.169921875
2024-09-30,0.08,5762.47998046875
2024-10-01,0.104,5708.75
2024-10-02,0.104,5709.5400390625
2024-10-03,0.112,5699.93994140625
2024-10-04,0.12,5751.06982421875
2024-10-07,0.104,5695.93994140625
2024-10-08,0.144,5751.1298828125
2024-10-09,0.16,5792.0400390625
2024-10-10,0.16,5780.0498046875
2024-10-11,0.176,5815.02978515625
2024-10-14,0.152,5859.85009765625
2024-10-15,0.176,5815.259765625
2024-10-16,0.168,5842.47021484375
2024-10-17,0.184,5841.47021484375
2024-10-18,0.176,5864.669921875
2024-10-21,0.144,5853.97998046875
2024-10-22,0.12,5851.2001953125
2024-10-23,0.128,5797.419921875
2024-10-24,0.16,5809.85986328125
2024-10-25,0.224,5808.1201171875
2024-10-28,0.208,5823.52001953125
2024-10-29,0.176,5832.919921875
2024-10-30,0.184,5813.669921875
2024-10-31,0.168,5705.4501953125
2024-11-01,0.168,5728.7998046875
2024-11-04,0.144,5712.68994140625
2024-11-05,0.152,5782.759765625
2024-11-06,0.104,5929.0400390625
2024-11-07,0.088,5973.10009765625
2024-11-08,0.112,5995.5400390625
2024-11-11,0.096,6001.35009765625
2024-11-12,0.12,5983.990234375
2024-11-13,0.12,5985.3798828125
2024-11-14,0.088,5949.169921875
2024-11-15,0.096,5870.6201171875
2024-11-18,0.096,5893.6201171875
2024-11-19,0.104,5916.97998046875
2024-11-20,0.112,5917.10986328125
2024-11-21,0.224,5948.7099609375
2024-11-22,0.224,5969.33984375
2024-11-25,0.216,5987.3701171875
2024-11-26,0.184,6021.6298828125
2024-11-27,0.232,5998.740234375
2024-11-29,0.216,6032.3798828125
2024-12-02,0.12,6047.14990234375
2024-12-03,0.184,6049.8798828125
2024-12-04,0.184,6086.490234375
2024-12-05,0.168,6075.10986328125
2024-12-06,0.152,6090.27001953125
2024-12-09,0.184,6052.85009765625
2024-12-10,0.24,6034.91015625
2024-12-11,0.256,6084.18994140625
2024-12-12,0.248,6051.25
2024-12-13,0.264,6051.08984375
2024-12-16,0.24,6074.080078125
2024-12-17,0.248,6050.60986328125
2024-12-18,0.288,5872.16015625
2024-12-19,0.312,5867.080078125
2024-12-20,0.304,5930.85009765625
2024-12-23,0.352,5974.06982421875
2024-12-24,0.416,6040.0400390625
2024-12-26,0.432,6037.58984375
2024-12-27,0.464,5970.83984375
2024-12-30,0.4,5906.93994140625
